date,symbol,open,high,low,close,volume,volume to
2018-10-03,BTCEUR,5646,5650,5551,5624.99,817.82,4584669.55
2018-10-02,BTCEUR,5687.45,5710.16,5616.66,5646,623.53,3540836.82
2018-10-01,BTCEUR,5703.31,5725.54,5615,5687.45,755.08,4290044.5
2018-09-30,BTCEUR,5680,5737.18,5640,5703.31,466.79,2655833.47
2018-09-29,BTCEUR,5718.55,5718.55,5591.72,5680,573.21,3241975.2
2018-09-28,BTCEUR,5742.8,5843.07,5650.01,5718.55,1048.83,6023847.17
2018-09-27,BTCEUR,5509.02,5784.3,5506,5742.8,955.2,5375695.92
2018-09-26,BTCEUR,5478.13,5580,5440.91,5509.02,781.99,4323734.74
2018-09-25,BTCEUR,5605.8,5605.8,5402,5478.13,1121.08,6127411.5
2018-09-24,BTCEUR,5722.87,5729.66,5600.02,5605.8,771.59,4350629.55
2018-09-23,BTCEUR,5725.74,5768,5677.52,5722.87,451.46,2583235.31
2018-09-22,BTCEUR,5760,5800,5640,5725.74,591.4,3376766.99
2018-09-21,BTCEUR,5524.44,5775,5522.01,5760,1490.99,8483578.02
2018-09-20,BTCEUR,5475,5554,5410,5524.44,681.35,3733316.57
2018-09-19,BTCEUR,5448,5580,5263.16,5475,1114.5,6051577.23
2018-09-18,BTCEUR,5372,5469,5348.17,5448,847.08,4579849.8
2018-09-17,BTCEUR,5597.74,5617.84,5324,5372,1241.1,6756356.76
2018-09-16,BTCEUR,5624.31,5624.31,5518.37,5597.74,376.28,2100177.92
2018-09-15,BTCEUR,5588.65,5668.01,5579.98,5624.31,409.85,2305001.59
2018-09-14,BTCEUR,5557.11,5631.3,5470.17,5588.65,1028.28,5722735.09
2018-09-13,BTCEUR,5453.75,5600,5453.75,5557.11,1208.55,6705103.08
2018-09-12,BTCEUR,5422.51,5469.61,5350,5453.75,924.94,4998379.4
2018-09-11,BTCEUR,5454.16,5527.91,5325.69,5422.51,1114.78,6041689.5
2018-09-10,BTCEUR,5409.4,5514.29,5393,5454.16,897.05,4883781.96
2018-09-09,BTCEUR,5380.77,5579,5368,5409.4,647.16,3552199.24
2018-09-08,BTCEUR,5529,5600,5338,5380.77,1008.3,5511903.68
2018-09-07,BTCEUR,5602.3,5646.85,5450.62,5529,1047.26,5824457.15
2018-09-06,BTCEUR,5758.62,5770.88,5415.74,5602.3,2236.29,12380896.76
2018-09-05,BTCEUR,6357.17,6400,5734.84,5758.62,2536.88,15363862.55
2018-09-04,BTCEUR,6261.3,6426.9,6248.4,6357.17,1049.85,6671837.07
2018-09-03,BTCEUR,6289.22,6322,6206.7,6261.3,985.29,6168914.22
2018-09-02,BTCEUR,6189.91,6332.53,6152.5,6289.22,882.73,5529308.15
2018-09-01,BTCEUR,6042,6248.4,6042,6189.91,840.96,5174182.91
2018-08-31,BTCEUR,5986.82,6097.5,5927.5,6042,919.89,5523045.59
2018-08-30,BTCEUR,6010,6024,5828.38,5986.82,1239.96,7328896.73
2018-08-29,BTCEUR,6061,6112.28,5914.35,6010,1324.22,7984285.01
2018-08-28,BTCEUR,5906.79,6108.42,5885.6,6061,1862.96,11191216.76
2018-08-27,BTCEUR,5760.61,5925,5739.08,5906.79,859.84,4983118.61
2018-08-26,BTCEUR,5795.56,5817.33,5659.18,5760.61,546.0,3139075.86
2018-08-25,BTCEUR,5759.43,5833.12,5721,5795.56,583.27,3370817.33
2018-08-24,BTCEUR,5662.61,5777.96,5580,5759.43,962.09,5452412.36
2018-08-23,BTCEUR,5493.07,5686,5490.53,5662.61,815.94,4551602.46
2018-08-22,BTCEUR,5602.96,5944.09,5415.18,5493.07,1956.17,11105102.0
2018-08-21,BTCEUR,5470,5631,5465,5602.96,763.54,4257982.6
2018-08-20,BTCEUR,5672.46,5707,5450,5470,995.47,5599489.37
2018-08-19,BTCEUR,5624.72,5718.21,5571,5672.46,702.05,3951982.07
2018-08-18,BTCEUR,5749,5798,5560,5624.72,693.75,3924351.74
2018-08-17,BTCEUR,5565.8,5769,5545.48,5749,1287.76,7338756.8
2018-08-16,BTCEUR,5540.02,5698,5477.88,5565.8,1441.31,8072951.72
2018-08-15,BTCEUR,5469.01,5850,5463.39,5540.02,2435.57,13801928.64
2018-08-14,BTCEUR,5500.67,5500.67,5200,5469.01,2114.49,11271344.69
2018-08-13,BTCEUR,5560,5764,5411.96,5500.67,1461.51,8162473.67
2018-08-12,BTCEUR,5399.95,5399.95,5399.95,5399.95,0.0,0.0
2018-08-11,BTCEUR,5400,5452.8,5310,5399.95,496.07,2675133.14
2018-08-10,BTCEUR,5700.02,5729.86,5300,5400,1809.96,10037419.22
2018-08-09,BTCEUR,5420,5775,5355.01,5700.02,1687.18,9401225.68
2018-08-08,BTCEUR,5802,5807.64,5266.75,5420,2173.15,12030403.85
2018-08-07,BTCEUR,6010,6169.86,5754.36,5802,1548.57,9300576.31
2018-08-06,BTCEUR,6085.66,6188.83,5915.68,6010,1132.55,6835070.45
2018-08-05,BTCEUR,6055.72,6134.15,5958,6085.66,855.71,5177728.85
2018-08-04,BTCEUR,6415,6470,6000,6055.72,1329.89,8207408.38
2018-08-03,BTCEUR,6510.31,6514.84,6311,6415,1420.73,9092260.95
2018-08-02,BTCEUR,6528.65,6628.91,6440.22,6510.31,1084.88,7081113.46
2018-08-01,BTCEUR,6614.43,6614.43,6366.22,6528.65,1847.83,11973661.1
2018-07-31,BTCEUR,6988.46,6988.46,6550.88,6614.43,1859.61,12475292.24
2018-07-30,BTCEUR,7052.66,7098.33,6718.34,6988.46,1596.2,11055337.39
2018-07-29,BTCEUR,7055.01,7092,6979.89,7052.66,427.98,3011652.26
2018-07-28,BTCEUR,7025,7084.06,6939.08,7055.01,535.01,3752548.01
2018-07-27,BTCEUR,6815.95,7100,6705,7025,1879.44,12954092.5
2018-07-26,BTCEUR,6970.01,7130,6755,6815.95,1713.38,11949454.22
2018-07-25,BTCEUR,7189.86,7256,6884.36,6970.01,2503.78,17637231.86
2018-07-24,BTCEUR,6609.73,7250,6601.03,7189.86,3202.56,22335945.41
2018-07-23,BTCEUR,6320.2,6669.99,6306.78,6609.73,1855.66,12216710.45
2018-07-22,BTCEUR,6325.4,6444.57,6267.01,6320.2,608.45,3878657.68
2018-07-21,BTCEUR,6260.19,6363,6163,6325.4,589.43,3702976.27
2018-07-20,BTCEUR,6418.3,6580,6197.05,6260.19,1634.48,10404274.89
2018-07-19,BTCEUR,6330.31,6490.96,6239.61,6418.3,1501.11,9586995.39
2018-07-18,BTCEUR,6275.13,6514.2,6221,6330.31,2535.56,16159559.26
2018-07-17,BTCEUR,5729.94,6400,5673.76,6275.13,2528.5,15351090.27
2018-07-16,BTCEUR,5435.2,5749,5417.86,5729.94,3189.4,17695864.19
2018-07-15,BTCEUR,5375.71,5482.95,5351,5435.2,403.76,2196450.42
2018-07-14,BTCEUR,5338.7,5440,5306.49,5375.71,398.23,2134345.11
2018-07-13,BTCEUR,5360,5432,5250,5338.7,929.75,4984659.42
2018-07-12,BTCEUR,5469.99,5470.01,5218,5360,1190.4,6327197.65
2018-07-11,BTCEUR,5378.9,5478.44,5366.03,5469.99,947.75,5147941.33
2018-07-10,BTCEUR,5676.09,5680,5362.01,5378.9,1395.08,7698757.41
2018-07-09,BTCEUR,5718.66,5792.01,5652.92,5676.09,917.39,5243382.18
2018-07-08,BTCEUR,5758.73,5773,5682.58,5718.66,481.58,2764164.2
2018-07-07,BTCEUR,5641.39,5800,5563.98,5758.73,445.86,2515919.16
2018-07-06,BTCEUR,5600.69,5673.23,5524.2,5641.39,833.25,4663705.71
2018-07-05,BTCEUR,5658.94,5750,5542.77,5600.69,1079.11,6095055.39
2018-07-04,BTCEUR,5592.97,5835,5507.77,5658.94,932.16,5300813.82
2018-07-03,BTCEUR,5695.36,5739.78,5563.15,5592.97,966.35,5480620.27
2018-07-02,BTCEUR,5454.18,5762.46,5400,5695.36,1472.6,8286927.44
2018-07-01,BTCEUR,5467.89,5497.8,5365.72,5454.18,484.14,2630738.79
2018-06-30,BTCEUR,5300,5523,5286.98,5467.89,909.16,4954241.1
2018-06-29,BTCEUR,5069.64,5375.86,4968.39,5300,1769.6,9004513.11
2018-06-28,BTCEUR,5312.21,5328.99,5031.77,5069.64,1574.33,8241179.21
2018-06-27,BTCEUR,5219.45,5367.84,5153.92,5312.21,1030.69,5416300.93
2018-06-26,BTCEUR,5343.6,5380,5204.5,5219.45,1009.39,5363216.76
2018-06-25,BTCEUR,5288.01,5443.72,5209.49,5343.6,1406.15,7491358.69
2018-06-24,BTCEUR,5307.14,5401.84,4958.48,5288.01,1594.66,8196939.83
2018-06-23,BTCEUR,5210.51,5379.53,5184.38,5307.14,755.23,3981909.44
2018-06-22,BTCEUR,5801.14,5803.5,5106.99,5210.51,2306.56,12403651.44
2018-06-21,BTCEUR,5834.99,5888.48,5765.82,5801.14,721.63,4203474.92
2018-06-20,BTCEUR,5829.31,5882.99,5675.79,5834.99,731.12,4226470.14
2018-06-19,BTCEUR,5775.57,5944.48,5740.43,5829.31,1111.74,6471887.79
2018-06-18,BTCEUR,5560.88,5864.08,5511.01,5775.57,1466.71,8284337.98
2018-06-17,BTCEUR,5605.66,5660.8,5552.31,5560.88,577.36,3232318.23
2018-06-16,BTCEUR,5519.9,5656.99,5465.18,5605.66,579.1,3227550.42
2018-06-15,BTCEUR,5753.3,5768.64,5503.03,5519.9,1150.36,6501931.0
2018-06-14,BTCEUR,5348.74,5808,5335.02,5753.3,2500.1,13939436.24
2018-06-13,BTCEUR,5577.53,5639.01,5211,5348.74,2485.38,13501434.69
2018-06-12,BTCEUR,5871.01,5871.01,5501.74,5577.53,2360.65,13454316.83
2018-06-11,BTCEUR,5759.01,5899,5620.55,5871.01,2097.96,12059335.66
2018-06-10,BTCEUR,6401.4,6401.41,5712,5759.01,2394.53,14344798.63
2018-06-09,BTCEUR,6487.51,6535,6401.39,6401.4,398.99,2589056.66
2018-06-08,BTCEUR,6534.74,6534.74,6435,6487.51,731.49,4745753.07
2018-06-07,BTCEUR,6514.68,6586.57,6484.19,6534.74,790.43,5158807.86
2018-06-06,BTCEUR,6509.63,6560,6383,6514.68,922.41,5973173.7
2018-06-05,BTCEUR,6420.76,6551.26,6330,6509.63,1183.37,7605737.37
2018-06-04,BTCEUR,6618.69,6652.99,6375,6420.76,1007.88,6511261.88
2018-06-03,BTCEUR,6569.82,6668.12,6560,6618.69,677.95,4490181.13
2018-06-02,BTCEUR,6449.77,6600,6405.66,6569.82,654.14,4283529.6
2018-06-01,BTCEUR,6414.16,6521.06,6318.78,6449.77,909.11,5837932.84
2018-05-31,BTCEUR,6346.19,6528.48,6301.8,6414.16,1023.5,6611027.47
2018-05-30,BTCEUR,6477.56,6549.89,6261,6346.19,1132.84,7261408.12
2018-05-29,BTCEUR,6114.37,6545.88,6080,6477.56,1658.37,10542685.81
2018-05-28,BTCEUR,6297.01,6368.71,6101,6114.37,1351.81,8396955.2
2018-05-27,BTCEUR,6313.47,6344.32,6225.77,6297.01,693.82,4363646.6
2018-05-26,BTCEUR,6431.81,6544.44,6287.6,6313.47,544.52,3510963.44
2018-05-25,BTCEUR,6479.03,6545.23,6280,6431.81,1138.17,7289384.88
2018-05-24,BTCEUR,6418.58,6600,6200,6479.03,1996.6,12775891.49
2018-05-23,BTCEUR,6801,6833.01,6380,6418.58,2772.91,18298968.08
2018-05-22,BTCEUR,7113.68,7130.66,6787,6801,1214.9,8474705.48
2018-05-21,BTCEUR,7239.5,7320,7076.51,7113.68,953.5,6861388.36
2018-05-20,BTCEUR,7013.84,7285,6960.01,7239.5,613.4,4383827.97
2018-05-19,BTCEUR,7014.5,7118,6940,7013.84,404.34,2844632.79
2018-05-18,BTCEUR,6859.31,7042.37,6751.01,7014.5,1026.5,7071186.35
2018-05-17,BTCEUR,7065,7160,6800.01,6859.31,1100.88,7707858.62
2018-05-16,BTCEUR,7180.47,7200,6860.98,7065,1886.3,13233381.09
2018-05-15,BTCEUR,7256.9,7420,7128,7180.47,1588.13,11561787.46
2018-05-14,BTCEUR,7299.3,7450,6889,7256.9,2700.44,19347472.14
2018-05-13,BTCEUR,7092,7349,7016.38,7299.3,955.58,6902575.56
2018-05-12,BTCEUR,7055.02,7298.14,6873,7092,1610.95,11385269.46
2018-05-11,BTCEUR,7587.65,7589.31,7014.5,7055.02,2699.87,19653431.39
2018-05-10,BTCEUR,7847.53,7920,7560.64,7587.65,1175.99,9138367.07
2018-05-09,BTCEUR,7743.4,7900,7580,7847.53,1355.7,10519350.62
2018-05-08,BTCEUR,7856.95,7942,7651.05,7743.4,1402.89,10904303.93
2018-05-07,BTCEUR,8015.01,8035.58,7703.79,7856.95,1755.13,13745278.52
2018-05-06,BTCEUR,8210,8275,7899,8015.01,1246.71,9983170.52
2018-05-05,BTCEUR,8108.95,8321,8077.57,8210,1309.58,10768970.94
2018-05-04,BTCEUR,8099.28,8166,7858.7,8108.95,1933.9,15606578.27
2018-05-03,BTCEUR,7693.75,8149.99,7640.05,8099.28,2454.16,19317883.53
2018-05-02,BTCEUR,7540.98,7717,7483.82,7693.75,1437.03,10947570.75
2018-05-01,BTCEUR,7654.02,7659,7339,7540.98,1464.46,10944184.16
2018-04-30,BTCEUR,7752.88,7777.77,7554.57,7654.02,1373.66,10537633.04
2018-04-29,BTCEUR,7695,7800,7594.97,7752.88,974.29,7509822.79
2018-04-28,BTCEUR,7372.35,7745.25,7340,7695,1054.84,8067304.68
2018-04-27,BTCEUR,7661,7777,7360,7372.35,2071.36,15772468.85
2018-04-26,BTCEUR,7291.02,7694,7120.37,7661,2941.03,21604770.47
2018-04-25,BTCEUR,7930.35,7972.78,7180.37,7291.02,5760.99,43207236.44
2018-04-24,BTCEUR,7314.52,7995,7314.52,7930.35,3433.33,26318080.7
2018-04-23,BTCEUR,7175,7347,7150,7314.52,1571.42,11448668.17
2018-04-22,BTCEUR,7246.46,7350.87,7121,7175,1438.38,10433603.83
2018-04-21,BTCEUR,7249.49,7397.45,7003.18,7246.46,1880.36,13507348.78
2018-04-20,BTCEUR,6717.01,7289,6685,7249.49,2854.21,19779119.26
2018-04-19,BTCEUR,6607.49,6738.81,6550,6717.01,1710.4,11402106.64
2018-04-18,BTCEUR,6397.24,6681.04,6383.52,6607.49,1573.33,10303098.91
2018-04-17,BTCEUR,6514.99,6619.8,6340.7,6397.24,1654.17,10773566.29
2018-04-16,BTCEUR,6780.06,6818.59,6400,6514.99,1984.72,12968949.87
2018-04-15,BTCEUR,6512.99,6838.35,6512.99,6780.06,1720.58,11577254.88
2018-04-14,BTCEUR,6370,6603,6354.48,6512.99,1179.6,7674479.9
2018-04-13,BTCEUR,6433.42,6709.27,6300,6370,3389.42,22133702.86
2018-04-12,BTCEUR,5625.53,6568.02,5481,6433.42,5073.55,31318129.29
2018-04-11,BTCEUR,5538.59,5650,5522.19,5625.53,994.27,5554942.42
2018-04-10,BTCEUR,5516.55,5579.28,5439.03,5538.59,1313.17,7238122.08
2018-04-09,BTCEUR,5737.47,5862.37,5400.42,5516.55,2132.31,11944040.55
2018-04-08,BTCEUR,5596,5795,5595.99,5737.47,959.51,5474654.34
2018-04-07,BTCEUR,5401.76,5749,5395.92,5596,1304.58,7337186.96
2018-04-06,BTCEUR,5526.89,5592.96,5339.98,5401.76,1487.77,8060371.33
2018-04-05,BTCEUR,5535.34,5670.99,5371.27,5526.89,2298.46,12701548.49
2018-04-04,BTCEUR,6060.02,6064.4,5458.3,5535.34,2794.11,15973329.45
2018-04-03,BTCEUR,5741.99,6184.94,5703.74,6060.02,3220.5,19422328.43
2018-04-02,BTCEUR,5519.99,5798.49,5496,5741.99,1675.18,9526853.31
2018-04-01,BTCEUR,5637.34,5718.73,5240,5519.99,3337.74,18350174.86
2018-03-31,BTCEUR,5551.61,5870,5375,5637.34,2318.89,13246064.19
2018-03-30,BTCEUR,5749.11,5928.09,5350,5551.61,4698.3,26294870.61
2018-03-29,BTCEUR,6450,6465.73,5610.65,5749.11,5088.71,30469155.11
2018-03-28,BTCEUR,6305.03,6550,6270,6450,1694.73,10902029.06
2018-03-27,BTCEUR,6547.53,6612.45,6255,6305.03,2383.64,15326998.07
2018-03-26,BTCEUR,6873.12,6916.54,6322,6547.53,3121.57,20482161.9
2018-03-25,BTCEUR,6929.01,7061.75,6836.21,6873.12,1360.55,9441913.79
2018-03-24,BTCEUR,7200,7267.91,6907.01,6929.01,1772.6,12659895.18
2018-03-23,BTCEUR,7066.82,7200,6732.98,7200,2238.5,15512920.75
2018-03-22,BTCEUR,7216.46,7340.9,6885.4,7066.82,2359.68,16671107.52
2018-03-21,BTCEUR,7290,7479,7121,7216.46,2782.26,20365850.95
2018-03-20,BTCEUR,6955.38,7430,6720,7290,3549.89,25268632.02
2018-03-19,BTCEUR,6688.12,7110,6600.08,6955.38,4430.71,30308434.81
2018-03-18,BTCEUR,6395.99,6799,5930,6688.12,5222.61,32812618.97
2018-03-17,BTCEUR,6728,6806.42,6280,6395.99,2272.76,14802248.83
2018-03-16,BTCEUR,6726.42,7050,6468,6728,2549.78,17355336.62
2018-03-15,BTCEUR,6636.75,6850,6200,6726.42,4306.47,28307670.53
2018-03-14,BTCEUR,7390.01,7539,6408.36,6636.75,4980.12,34161867.85
2018-03-13,BTCEUR,7407.08,7686,7200,7390.01,2558.41,18939549.59
2018-03-12,BTCEUR,7737.21,8087,7120,7407.08,3929.75,29922447.96
2018-03-11,BTCEUR,7131.99,7945,6926,7737.21,3515.2,26307974.59
2018-03-10,BTCEUR,7539.6,7772.6,7077.58,7131.99,2951.66,22159058.72
2018-03-09,BTCEUR,7534.5,7628.09,6770,7539.6,6506.78,46911513.84
2018-03-08,BTCEUR,8024.21,8206.59,7345.72,7534.5,4539.04,35343637.36
2018-03-07,BTCEUR,8660.01,8773,7605.06,8024.21,6282.96,51264759.49
2018-03-06,BTCEUR,9300,9300,8545,8660.01,3883.81,34443092.74
2018-03-05,BTCEUR,9279.97,9399,9206.75,9300,1676.67,15651665.28
2018-03-04,BTCEUR,9219.01,9287,8975,9279.97,1622.0,14791161.3
2018-03-03,BTCEUR,8935.99,9298.99,8934,9219.01,2215.42,20308346.48
2018-03-02,BTCEUR,8885.01,9054,8765.16,8935.99,2099.43,18736025.04
2018-03-01,BTCEUR,8469.99,8977,8412.47,8885.01,2340.97,20562564.54
2018-02-28,BTCEUR,8611,9041.13,8421.77,8469.99,2847.39,24744273.81
2018-02-27,BTCEUR,8379.99,8835.68,8219,8611,3039.69,26343390.67
2018-02-26,BTCEUR,7819,8498,7661,8379.99,3607.38,29515737.32
2018-02-25,BTCEUR,7909,8050,7601,7819,1879.51,14646624.11
2018-02-24,BTCEUR,8292.05,8510,7636,7909,2701.66,21646967.22
2018-02-23,BTCEUR,7974.03,8540,7777,8292.05,3531.38,29043705.41
2018-02-22,BTCEUR,8520.68,8950,7855.02,7974.03,5092.23,41910359.32
2018-02-21,BTCEUR,9150.6,9221.45,8300,8520.68,5518.63,48264276.06
2018-02-20,BTCEUR,9030.85,9573.79,9025,9150.6,5281.51,49289150.96
2018-02-19,BTCEUR,8442.07,9092,8403.13,9030.85,3217.82,28579108.29
2018-02-18,BTCEUR,9014,9199,8196.57,8442.07,4230.74,36614086.07
2018-02-17,BTCEUR,8216.09,9074,8138.1,9014,3441.22,29973231.66
2018-02-16,BTCEUR,8107.93,8236,7851,8216.09,2784.77,22417955.16
2018-02-15,BTCEUR,7661.21,8276,7559,8107.93,6172.65,49167348.07
2018-02-14,BTCEUR,6955.09,7687.09,6927.06,7661.21,4250.46,31458392.92
2018-02-13,BTCEUR,7202.59,7250,6824.01,6955.09,2555.68,17907424.03
2018-02-12,BTCEUR,6629.98,7290,6612,7202.59,3071.89,21766347.51
2018-02-11,BTCEUR,7020,7020,6430,6629.98,2989.48,20050972.82
2018-02-10,BTCEUR,7087.76,7442.85,6700,7020,3988.03,28259327.21
2018-02-09,BTCEUR,6768.09,7150,6400,7087.76,4259.34,29095895.97
2018-02-08,BTCEUR,6167.28,7124.21,6167.28,6768.09,5271.38,35797662.97
2018-02-07,BTCEUR,6230.01,7148.99,5822.66,6167.28,9071.35,59946225.13
2018-02-06,BTCEUR,5468.77,6500,4680,6230.01,17051.46,94553022.66
2018-02-05,BTCEUR,6541.83,6666,5086.52,5468.77,12321.24,71154325.87
2018-02-04,BTCEUR,7399.93,7530,6257,6541.83,4346.1,29459315.62
2018-02-03,BTCEUR,7125.15,7687.05,6551,7399.93,3829.68,27971946.08
2018-02-02,BTCEUR,7145.82,7450,5770,7125.15,12462.76,83428982.36
2018-02-01,BTCEUR,8130.3,8149,6666,7145.82,7995.53,58436302.92
2018-01-31,BTCEUR,8105.18,8320.56,7800,8130.3,2928.48,23612715.73
2018-01-30,BTCEUR,9009.92,9015,7905.52,8105.18,4763.84,40086103.95
2018-01-29,BTCEUR,9360.01,9393.23,8900,9009.92,1886.51,17158334.21
2018-01-28,BTCEUR,9137.41,9490,9113.54,9360.01,1664.02,15508572.24
2018-01-27,BTCEUR,8967.35,9241.35,8810.57,9137.41,1929.51,17499726.15
2018-01-26,BTCEUR,9030.51,9294,8456.01,8967.35,3430.3,30213959.81
2018-01-25,BTCEUR,9193.5,9351,8880,9030.51,2134.01,19458915.33
2018-01-24,BTCEUR,8831.86,9299.56,8650,9193.5,2402.45,21730513.59
2018-01-23,BTCEUR,8941.88,9350,8160,8831.86,3997.66,35264203.89
2018-01-22,BTCEUR,9542.49,9870,8345.01,8941.88,4888.59,44034329.07
2018-01-21,BTCEUR,10585.6,10585.61,9250,9542.49,3107.24,30562152.47
2018-01-20,BTCEUR,9690,10697.95,9619.87,10585.6,3057.19,31693095.41
2018-01-19,BTCEUR,9562.28,10057.14,9265,9690,2765.59,26845792.65
2018-01-18,BTCEUR,9262,10514.82,8860,9562.28,6637.16,65077997.65
2018-01-17,BTCEUR,9367.83,10210,7221,9262,15239.57,131105449.91
2018-01-16,BTCEUR,11301.8,11321.6,7909.57,9367.83,12475.18,120087201.38
2018-01-15,BTCEUR,11323.88,11845,11150,11301.8,2516.0,28961586.32
2018-01-14,BTCEUR,11745.48,11895.27,11000,11323.88,1893.41,21392964.07
2018-01-13,BTCEUR,11581.03,12048.98,11571.87,11745.48,1820.15,21568474.67
2018-01-12,BTCEUR,11199.98,11750,10800,11581.03,2589.72,29711880.3
2018-01-11,BTCEUR,12465.19,12500,11023.1,11199.98,4747.44,54661773.82
2018-01-10,BTCEUR,12276.25,12465.2,11471.22,12465.19,4725.44,56535999.06
2018-01-09,BTCEUR,12769,12883,12100,12276.25,3213.06,40305394.45
2018-01-08,BTCEUR,13358.06,13370.35,11888,12769,4718.15,60142486.48
2018-01-07,BTCEUR,14229.99,14240,13160.01,13358.06,2203.2,30080284.58
2018-01-06,BTCEUR,14300,14333.87,13659,14229.99,2152.69,30042487.46
2018-01-05,BTCEUR,12940,14450,12631.45,14300,4234.38,57716022.62
2018-01-04,BTCEUR,13065.62,13125,12512,12940,3188.88,40773953.8
2018-01-03,BTCEUR,12545.01,13198,12493.59,13065.62,3463.95,44820466.71
2018-01-02,BTCEUR,11799.98,13100,11280,12545.01,4598.23,56469558.64
2018-01-01,BTCEUR,12139.01,12141,11351,11799.98,1905.53,22398732.96
2017-12-31,BTCEUR,11100.03,12495.99,10909.26,12139.01,2657.03,31291446.39
2017-12-30,BTCEUR,12880.8,12919.99,10550,11100.03,3600.32,42129051.41
2017-12-29,BTCEUR,12699,13099,12574.5,12880.8,2600.35,33367280.61
2017-12-28,BTCEUR,13533.11,13590,12350,12699,4009.3,51520352.77
2017-12-27,BTCEUR,13554.99,13981,12901.8,13533.11,4064.59,54966522.22
2017-12-26,BTCEUR,12306.01,13980,12114,13554.99,3698.58,49163643.55
2017-12-25,BTCEUR,12507.68,13114.99,12000.01,12306.01,2578.0,32231374.51
2017-12-24,BTCEUR,13247.66,13249,11130,12507.68,5130.1,62424257.34
2017-12-23,BTCEUR,12709.79,14465.33,12150.03,13247.66,6057.66,81464659.93
2017-12-22,BTCEUR,13443.99,13599.63,8500,12709.79,21425.47,241459986.91
2017-12-21,BTCEUR,14167.86,15056.27,12644.6,13443.99,5850.97,79681045.56
2017-12-20,BTCEUR,15322.91,15499.99,12630.11,14167.86,9546.51,136822765.01
2017-12-19,BTCEUR,16184.79,16249,14500.99,15322.91,5187.29,80184644.28
2017-12-18,BTCEUR,16381.84,16435,15512.23,16184.79,3806.5,61124292.37
2017-12-17,BTCEUR,16800.01,16970,16061,16381.84,3596.13,59526018.2
2017-12-16,BTCEUR,15119.98,16979,14989.9,16800.01,4159.47,66914185.84
2017-12-15,BTCEUR,14122.99,15298.19,14122.95,15119.98,4324.13,64235726.02
2017-12-14,BTCEUR,13990.99,14440.52,13601,14122.99,2803.49,39402715.33
2017-12-13,BTCEUR,14649.53,14730,13057.01,13990.99,5315.58,75670488.58
2017-12-12,BTCEUR,13919.51,14840.62,13703.11,14649.53,6445.5,92834393.37
2017-12-11,BTCEUR,13040.65,14495,13040.51,13919.51,4886.91,69078413.09
2017-12-10,BTCEUR,12926.2,13600,11500,13040.65,7678.94,97502634.95
2017-12-09,BTCEUR,13701.15,13777.98,11110,12926.2,8087.58,102627792.95
2017-12-08,BTCEUR,14500,14995,12500,13701.15,10419.39,143523060.43
2017-12-07,BTCEUR,12461.05,14890,11750,14500,12261.27,169281493.66
2017-12-06,BTCEUR,10096.01,12700,10090,12461.05,8774.97,99656064.34
2017-12-05,BTCEUR,9934.99,10130,9899.99,10096.01,2694.81,26931310.84
2017-12-04,BTCEUR,9701.13,9935,9680,9934.99,2825.2,27806361.03
2017-12-03,BTCEUR,9480.04,9951,9300,9701.13,4713.1,45673152.15
2017-12-02,BTCEUR,9275,9679,9180,9480.04,2816.61,26703643.96
2017-12-01,BTCEUR,8964.31,9325,8405.13,9275,4891.56,43863407.21
2017-11-30,BTCEUR,8608.01,9400,8002,8964.31,8612.34,74742586.35
2017-11-29,BTCEUR,8344.97,9693.99,7050,8608.01,11986.11,106253769.3
2017-11-28,BTCEUR,8174.08,8398,8140,8344.97,2765.62,22977575.79
2017-11-27,BTCEUR,7799.48,8198.99,7799.48,8174.08,4048.57,32779241.72
2017-11-26,BTCEUR,7339.49,8059,7339.48,7799.48,4157.4,32099509.55
2017-11-25,BTCEUR,6965.98,7339.49,6950.55,7339.49,1873.22,13402527.32
2017-11-24,BTCEUR,6868,7100.51,6800.04,6965.98,2086.34,14565603.39
2017-11-23,BTCEUR,7070.11,7080,6868,6868,2432.71,16996474.27
2017-11-22,BTCEUR,7021.22,7176.55,7001.56,7070.11,2094.55,14851204.7
2017-11-21,BTCEUR,7080,7195,6750,7021.22,3801.11,26793878.94
2017-11-20,BTCEUR,6818.01,7106.43,6771,7080,2989.59,20894289.28
2017-11-19,BTCEUR,6617,6850.01,6570.22,6818.01,2048.31,13758413.27
2017-11-18,BTCEUR,6592.31,6675,6451.01,6617,1340.79,8833751.33
2017-11-17,BTCEUR,6652.2,6793,6423.12,6592.31,3532.24,23528623.64
2017-11-16,BTCEUR,6275,6775,6156,6652.2,4387.48,28511548.53
2017-11-15,BTCEUR,5688.8,6287.99,5688.79,6275,4900.27,29801657.58
2017-11-14,BTCEUR,5686.99,5800,5610.01,5688.8,2044.02,11629789.82
2017-11-13,BTCEUR,5098.98,5998.97,5058.18,5686.99,6516.06,36748532.13
2017-11-12,BTCEUR,5490.01,5650.23,4695,5098.98,7011.57,36550815.3
2017-11-11,BTCEUR,5687.57,5916.21,5317.43,5490.01,4044.19,22538271.4
2017-11-10,BTCEUR,6207.56,6300,5510,5687.57,6436.71,37766360.38
2017-11-09,BTCEUR,6488.01,6489,6180,6207.56,3121.07,19669550.71
2017-11-08,BTCEUR,6220.41,6800,6100,6488.01,6205.25,39963174.21
2017-11-07,BTCEUR,6060,6343,6060,6220.41,2000.7,12462750.28
2017-11-06,BTCEUR,6487.98,6524.18,6006,6060,4486.54,28174009.48
2017-11-05,BTCEUR,6419.44,6682.01,6380,6487.98,2069.92,13567888.65
2017-11-04,BTCEUR,6291.44,6468.9,6135.91,6419.44,1635.47,10343926.13
2017-11-03,BTCEUR,6112.36,6495.5,6070,6291.44,3762.36,23960005.05
2017-11-02,BTCEUR,5935,6483.06,5703,6112.36,6244.16,38057891.11
2017-11-01,BTCEUR,5598.17,5935,5540,5935,3238.38,18547628.88
2017-10-31,BTCEUR,5305.7,5619.69,5282,5598.17,2361.63,12883810.94
2017-10-30,BTCEUR,5275.01,5355,5241,5305.7,1483.69,7855092.97
2017-10-29,BTCEUR,5007.34,5398.95,4980.32,5275.01,1924.93,9972697.99
2017-10-28,BTCEUR,5029.99,5085,4960,5007.34,590.17,2960752.77
2017-10-27,BTCEUR,5073.29,5147.03,4980.5,5029.99,1432.01,7240948.49
2017-10-26,BTCEUR,4929.01,5164.49,4899.29,5073.29,1803.03,9117992.6
2017-10-25,BTCEUR,4771.32,4947,4650,4929.01,1929.59,9242186.79
2017-10-24,BTCEUR,5030.69,5030.69,4690.02,4771.32,2551.67,12436310.24
2017-10-23,BTCEUR,5096.87,5174.9,4860.28,5030.69,2072.21,10409725.15
2017-10-22,BTCEUR,5148.85,5190.15,4908.17,5096.87,1630.18,8220224.21
2017-10-21,BTCEUR,5074.22,5318,5013,5148.85,1836.82,9539088.93
2017-10-20,BTCEUR,4822.37,5199,4796.95,5074.22,2388.88,11911406.27
2017-10-19,BTCEUR,4775.96,4851,4730.01,4822.37,1330.83,6404971.21
2017-10-18,BTCEUR,4800.5,4805.44,4351,4775.96,2977.29,13687871.97
2017-10-17,BTCEUR,4885.99,4898,4752.5,4800.5,1482.39,7144624.4
2017-10-16,BTCEUR,4791.59,4888,4702.33,4885.99,1536.48,7416910.93
2017-10-15,BTCEUR,4899,4908.99,4607.81,4791.59,1562.1,7379130.68
2017-10-14,BTCEUR,4774,4912.25,4701.01,4899,1060.22,5096940.43
2017-10-13,BTCEUR,4570,4950,4463,4774,3841.97,18270671.58
2017-10-12,BTCEUR,4087.09,4570,4082.12,4570,3044.92,13310352.6
2017-10-11,BTCEUR,4045.17,4127.29,4002.7,4087.09,1187.98,4854124.61
2017-10-10,BTCEUR,4082.3,4168.5,4006.03,4045.17,1775.04,7295860.57
2017-10-09,BTCEUR,3893.03,4147.99,3864,4082.3,2259.87,9064668.29
2017-10-08,BTCEUR,3755,3899,3740.51,3893.03,1024.98,3935123.0
2017-10-07,BTCEUR,3724.81,3769,3705,3755,454.44,1693560.92
2017-10-06,BTCEUR,3694.01,3779.98,3694,3724.81,861.24,3224473.02
2017-10-05,BTCEUR,3622.9,3738,3565.85,3694.01,1017.68,3724519.59
2017-10-04,BTCEUR,3713.93,3764.73,3565.85,3622.9,1240.78,4523727.46
2017-10-03,BTCEUR,3809.82,3814.99,3631,3713.93,1471.4,5450061.0
2017-10-02,BTCEUR,3711.63,3859,3700.18,3809.82,1600.42,6077023.9
2017-10-01,BTCEUR,3675.29,3714.99,3640.92,3711.63,659.73,2430660.65
2017-09-30,BTCEUR,3545.59,3725,3540,3675.29,942.47,3451353.96
2017-09-29,BTCEUR,3568.44,3617.43,3400,3545.59,1362.01,4815898.36
2017-09-28,BTCEUR,3594.86,3680,3500.01,3568.44,1533.52,5522760.61
2017-09-27,BTCEUR,3300,3648,3293.38,3594.86,2061.41,7225143.05
2017-09-26,BTCEUR,3320.87,3390,3300,3300,1146.38,3832842.33
2017-09-25,BTCEUR,3107.03,3373.99,3107.03,3320.87,1292.18,4241098.92
2017-09-24,BTCEUR,3199.98,3200,3100,3107.03,629.48,1974106.65
2017-09-23,BTCEUR,3097.93,3295.01,3060,3199.98,993.6,3173703.78
2017-09-22,BTCEUR,3051.68,3166.4,2980.93,3097.93,1608.06,4910968.93
2017-09-21,BTCEUR,3290.74,3309.91,3020,3051.68,2155.36,6789809.52
2017-09-20,BTCEUR,3289.5,3369,3217.46,3290.74,944.83,3132845.69
2017-09-19,BTCEUR,3444.26,3456.96,3237,3289.5,1738.13,5785712.69
2017-09-18,BTCEUR,3141.17,3467,3141.17,3444.26,2726.92,9179421.01
2017-09-17,BTCEUR,3138.5,3226.99,2922.58,3141.17,1582.02,4867700.84
2017-09-16,BTCEUR,3148,3385.08,3033.07,3138.5,2691.86,8576606.54
2017-09-15,BTCEUR,2723.02,3265.36,2467.29,3148,7379.7,21158205.1
2017-09-14,BTCEUR,3273.75,3315.27,2723,2723.02,4662.85,13823690.55
2017-09-13,BTCEUR,3501.55,3518.41,3121.17,3273.75,3254.97,10690304.77
2017-09-12,BTCEUR,3550.96,3675,3420,3501.55,1995.34,7116093.49
2017-09-11,BTCEUR,3555.15,3625,3450.58,3550.96,969.74,3428139.64
2017-09-10,BTCEUR,3628.5,3647.3,3443.01,3555.15,1012.34,3582537.55
2017-09-09,BTCEUR,3644.85,3725,3505,3628.5,883.25,3200749.99
2017-09-08,BTCEUR,3876.84,3914.74,3450,3644.85,2607.96,9583172.1
2017-09-07,BTCEUR,3903.21,3922,3787,3876.84,1610.59,6232383.76
2017-09-06,BTCEUR,3745.54,3953.9,3745.54,3903.21,3133.96,12170911.7
2017-09-05,BTCEUR,3761.02,3814.22,3596.11,3745.54,1948.81,7250192.35
2017-09-04,BTCEUR,3925.54,3928.27,3549.74,3761.02,3475.3,13018502.49
2017-09-03,BTCEUR,3907.91,4024.47,3850.04,3925.54,989.9,3879330.81
2017-09-02,BTCEUR,4169.98,4185,3812.01,3907.91,1882.17,7428847.44
2017-09-01,BTCEUR,4017.4,4173.97,3928.12,4169.98,2133.33,8699853.09
2017-08-31,BTCEUR,3865.43,4027.71,3863.51,4017.4,1863.72,7405033.32
2017-08-30,BTCEUR,3860.19,3897.48,3793.75,3865.43,1581.3,6101952.38
2017-08-29,BTCEUR,3669.97,3941.41,3620,3860.19,1906.43,7166598.32
2017-08-28,BTCEUR,3658.04,3670,3552,3669.97,1215.29,4412302.71
2017-08-27,BTCEUR,3671.66,3696.82,3640.26,3658.04,611.63,2243479.02
2017-08-26,BTCEUR,3688.09,3696.73,3603.42,3671.66,548.73,2001166.06
2017-08-25,BTCEUR,3677.68,3778.1,3615,3688.09,1390.14,5155724.44
2017-08-24,BTCEUR,3526.86,3699,3515.01,3677.68,1069.25,3841729.91
2017-08-23,BTCEUR,3495.25,3650,3436.18,3526.86,1676.72,5967154.01
2017-08-22,BTCEUR,3403,3553.5,3050,3495.25,2505.04,8391349.41
2017-08-21,BTCEUR,3475.15,3505.62,3371.1,3403,2008.45,6908577.42
2017-08-20,BTCEUR,3565.35,3573.93,3474.06,3475.15,846.41,2976759.61
2017-08-19,BTCEUR,3517.59,3587.83,3425.61,3565.35,1080.06,3778685.02
2017-08-18,BTCEUR,3682.39,3738.23,3410.01,3517.59,2272.18,8181467.6
2017-08-17,BTCEUR,3726.75,3865.12,3601.01,3682.39,2580.45,9668551.88
2017-08-16,BTCEUR,3566.81,3746.99,3365.92,3726.75,2130.69,7649006.15
2017-08-15,BTCEUR,3678.36,3793.28,3248.52,3566.81,4110.36,14430799.51
2017-08-14,BTCEUR,3453.95,3700,3387,3678.36,2834.69,10211471.92
2017-08-13,BTCEUR,3304.14,3582.22,3226.79,3453.95,2135.32,7333019.06
2017-08-12,BTCEUR,3112.53,3386.93,3080,3304.14,1975.36,6416177.08
2017-08-11,BTCEUR,2948.31,3177.08,2933.45,3112.53,1893.41,5723951.59
2017-08-10,BTCEUR,2867.58,5000,2840.42,2948.31,1593.86,4678427.5
2017-08-09,BTCEUR,2934,2947.75,2775.56,2867.58,1704.7,4874362.22
2017-08-08,BTCEUR,2902.8,2982.69,2856.38,2934,2135.83,6241039.3
2017-08-07,BTCEUR,2750.03,2925.65,2725,2902.8,1591.1,4531226.63
2017-08-06,BTCEUR,2762.06,2796.1,2675.22,2750.03,835.79,2294571.69
2017-08-05,BTCEUR,2431.11,2850,2431.11,2762.06,2334.83,6285771.12
2017-08-04,BTCEUR,2365.71,2444.99,2344.8,2431.11,1104.83,2659855.98
2017-08-03,BTCEUR,2291.99,2375,2291.96,2365.71,871.92,2034355.59
2017-08-02,BTCEUR,2333.41,2353.55,2247.38,2291.99,1199.26,2769926.55
2017-08-01,BTCEUR,2427,2499,2235.02,2333.41,1674.02,3961703.29
2017-07-31,BTCEUR,2341.96,2475,2314.61,2427,1066.94,2551589.07
2017-07-30,BTCEUR,2312.37,2360,2208.05,2341.96,770.06,1772356.4
2017-07-29,BTCEUR,2380.46,2386.44,2254.87,2312.37,1069.35,2477933.32
2017-07-28,BTCEUR,2297.15,2425,2276.04,2380.46,1479.24,3507302.22
2017-07-27,BTCEUR,2185.01,2319.7,2178.37,2297.15,1177.2,2628984.99
2017-07-26,BTCEUR,2214.32,2249.96,2103,2185.01,1185.51,2562158.47
2017-07-25,BTCEUR,2387.27,2402,2112.12,2214.32,2148.37,4791993.84
2017-07-24,BTCEUR,2364.54,2421.77,2351.2,2387.27,1027.53,2449045.24
2017-07-23,BTCEUR,2424.1,2447,2313.98,2364.54,906.64,2154552.0
2017-07-22,BTCEUR,2297.98,2468.85,2284.17,2424.1,1010.31,2431186.84
2017-07-21,BTCEUR,2464.33,2479.9,2238.63,2297.98,1950.32,4577117.41
2017-07-20,BTCEUR,1976.45,2546.72,1966.93,2464.33,3664.37,8321912.46
2017-07-19,BTCEUR,2006.64,2090,1915,1976.45,1940.24,3899054.2
2017-07-18,BTCEUR,1942.42,2078.95,1880,2006.64,2300.36,4603867.4
2017-07-17,BTCEUR,1657.72,1945,1656.39,1942.42,2091.64,3826862.44
2017-07-16,BTCEUR,1730,1779.99,1552.24,1657.72,2086.11,3446478.12
2017-07-15,BTCEUR,1947.01,1951.84,1714.14,1730,1622.13,2906755.45
2017-07-14,BTCEUR,2059.04,2076.65,1889.26,1947.01,1455.92,2891861.95
2017-07-13,BTCEUR,2103.54,2125,2037.77,2059.04,1006.71,2094884.62
2017-07-12,BTCEUR,2028.79,2122.14,1972,2103.54,1527.45,3144857.63
2017-07-11,BTCEUR,2071.71,2134.64,1975,2028.79,1780.87,3660541.55
2017-07-10,BTCEUR,2221.2,2221.46,1990.28,2071.71,1822.01,3868702.93
2017-07-09,BTCEUR,2250,2250.25,2221.19,2221.2,399.12,893786.34
2017-07-08,BTCEUR,2203.23,2250,2170,2250,571.33,1267299.65
2017-07-07,BTCEUR,2297.31,2312.31,2170.49,2203.23,1146.28,2561691.47
2017-07-06,BTCEUR,2307.37,2319.04,2280.04,2297.31,728.14,1671334.2
2017-07-05,BTCEUR,2295.06,2320,2244.59,2307.37,964.66,2196293.93
2017-07-04,BTCEUR,2252.42,2324.99,2250.01,2295.06,1339.69,3075879.62
2017-07-03,BTCEUR,2204.98,2274.84,2183.55,2252.42,1038.34,2316231.46
2017-07-02,BTCEUR,2128.91,2228.15,2086.79,2204.98,747.75,1620764.37
2017-07-01,BTCEUR,2140.1,2196.66,2075.63,2128.91,887.44,1904214.76
2017-06-30,BTCEUR,2235,2250,2133.73,2140.1,1029.34,2273495.77
2017-06-29,BTCEUR,2261.18,2280.48,2220.96,2235,873.78,1968873.18
2017-06-28,BTCEUR,2274.15,2300,2178.11,2261.18,1478.92,3320643.99
2017-06-27,BTCEUR,2176.38,2275,2021.33,2274.15,2091.34,4449305.24
2017-06-26,BTCEUR,2251.29,2287.85,2005.44,2176.38,1799.79,3924668.94
2017-06-25,BTCEUR,2308.38,2349.99,2169.02,2251.29,804.77,1837152.23
2017-06-24,BTCEUR,2425.01,2444.99,2250,2308.38,848.38,2002356.0
2017-06-23,BTCEUR,2419.75,2443.69,2399.59,2425.01,724.12,1758951.89
2017-06-22,BTCEUR,2365.6,2450,2325,2419.75,1218.07,2929255.18
2017-06-21,BTCEUR,2444.18,2487.38,2329,2365.6,1498.39,3622597.07
2017-06-20,BTCEUR,2329.13,2521.57,2321.33,2444.18,1874.46,4512330.4
2017-06-19,BTCEUR,2252.41,2329.13,2225.01,2329.13,1245.7,2849015.19
2017-06-18,BTCEUR,2370,2386.52,2208.28,2252.41,889.08,2030682.67
2017-06-17,BTCEUR,2229.32,2393.57,2181.06,2370,954.71,2199501.78
2017-06-16,BTCEUR,2172.5,2269,2066.62,2229.32,2266.69,5010147.23
2017-06-15,BTCEUR,2183.48,2246.47,1837.17,2172.5,4756.1,9923103.98
2017-06-14,BTCEUR,2429.4,2511.3,2090.85,2183.48,2525.23,5944621.85
2017-06-13,BTCEUR,2382.83,2495.84,2361.6,2429.4,2043.91,4980769.67
2017-06-12,BTCEUR,2667.5,2669.99,2210.47,2382.83,2822.08,7004891.01
2017-06-11,BTCEUR,2601.34,2670,2561.54,2667.5,1761.23,4584114.1
2017-06-10,BTCEUR,2531.48,2609,2520.88,2601.34,1179.25,3027969.95
2017-06-09,BTCEUR,2504.97,2574,2487.92,2531.48,1471.36,3731628.33
2017-06-08,BTCEUR,2401.39,2522.85,2340.01,2504.97,1929.32,4759020.69
2017-06-07,BTCEUR,2573.25,2581.77,2321.2,2401.39,2609.04,6516719.74
2017-06-06,BTCEUR,2399.99,2621.93,2378.56,2573.25,2749.93,6948574.63
2017-06-05,BTCEUR,2250.07,2400,2250.07,2399.99,1333.61,3104518.08
2017-06-04,BTCEUR,2272.78,2283.82,2203.3,2250.07,933.5,2097844.39
2017-06-03,BTCEUR,2224.73,2318.35,2190.68,2272.78,1236.83,2794217.59
2017-06-02,BTCEUR,2164.2,2224.73,2133.53,2224.73,1238.4,2692206.06
2017-06-01,BTCEUR,2057.95,2220,2056.86,2164.2,2106.11,4543110.15
2017-05-31,BTCEUR,1953.74,2090,1850,2057.95,2855.68,5678106.78
2017-05-30,BTCEUR,2052.8,2103,1892.51,1953.74,2374.41,4829734.67
2017-05-29,BTCEUR,1993.69,2122.9,1931,2052.8,1764.44,3595497.14
2017-05-28,BTCEUR,1874.56,2108.13,1874.56,1993.69,1728.49,3471895.03
2017-05-27,BTCEUR,2039.39,2080,1688.73,1874.56,3188.35,5927183.73
2017-05-26,BTCEUR,2105.84,2386.97,1827.34,2039.39,3305.23,7104310.57
2017-05-25,BTCEUR,2175.97,2515.77,2028.97,2105.84,3888.75,9131015.01
2017-05-24,BTCEUR,2020.79,2222.48,2020.78,2175.97,2037.68,4320299.81
2017-05-23,BTCEUR,1877.12,2025,1839.99,2020.79,1950.66,3856328.28
2017-05-22,BTCEUR,1818.24,2600,1780,1877.12,4715.98,9136176.59
2017-05-21,BTCEUR,1823.86,1864.56,1780.33,1818.24,1181.0,2151295.86
2017-05-20,BTCEUR,1760,1824.5,1755.43,1823.86,1108.09,1982906.15
2017-05-19,BTCEUR,1699.99,1771.55,1696.76,1760,1284.03,2236836.74
2017-05-18,BTCEUR,1643.13,1700,1620.02,1699.99,1053.85,1749797.77
2017-05-17,BTCEUR,1611,1673.19,1585.98,1643.13,1368.79,2264803.58
2017-05-16,BTCEUR,1603.98,1624.04,1549.86,1611,1418.66,2259680.8
2017-05-15,BTCEUR,1654.99,1654.99,1560,1603.98,1167.8,1867229.11
2017-05-14,BTCEUR,1646,1683.67,1625,1654.99,697.35,1152634.31
2017-05-13,BTCEUR,1559.75,1647.74,1476,1646,1112.39,1749045.72
2017-05-12,BTCEUR,1699.59,1704.75,1506.87,1559.75,1784.51,2888089.27
2017-05-11,BTCEUR,1644.98,1742.58,1625.88,1699.59,1591.75,2713036.15
2017-05-10,BTCEUR,1581.91,1649.97,1561.67,1644.98,1196.27,1938983.79
2017-05-09,BTCEUR,1559.5,1648,1531.23,1581.91,2146.64,3426878.95
2017-05-08,BTCEUR,1457.94,1559.5,1454.06,1559.5,1592.66,2396937.68
2017-05-07,BTCEUR,1437.99,1458.09,1421.47,1457.94,1081.99,1562910.34
2017-05-06,BTCEUR,1421.51,1445,1414.05,1437.99,1050.4,1505696.1
2017-05-05,BTCEUR,1412.28,1495,1381.89,1421.51,1795.82,2604160.69
2017-05-04,BTCEUR,1397.33,1514.36,1343.66,1412.28,2748.53,3952400.99
2017-05-03,BTCEUR,1338.66,1400,1331.71,1397.33,1282.97,1747407.93
2017-05-02,BTCEUR,1318.26,1368.08,1313.23,1338.66,1442.22,1934349.18
2017-05-01,BTCEUR,1264.13,1334.99,1262.54,1318.26,1320.82,1726324.63
2017-04-30,BTCEUR,1243.34,1267.14,1206.83,1264.13,628.47,779779.49
2017-04-29,BTCEUR,1233.38,1248,1224.2,1243.34,762.92,944696.74
2017-04-28,BTCEUR,1238.12,1259.99,1197.62,1233.38,1419.45,1740211.58
2017-04-27,BTCEUR,1188.69,1244.76,1179.49,1238.12,1135.05,1379672.38
2017-04-26,BTCEUR,1174.28,1211.16,1172.63,1188.69,826.3,984110.05
2017-04-25,BTCEUR,1164.73,1178.99,1160,1174.28,712.05,832514.17
2017-04-24,BTCEUR,1155.06,1165,1148.07,1164.73,599.73,693352.32
2017-04-23,BTCEUR,1158.39,1164,1150.89,1155.06,511.75,592087.92
2017-04-22,BTCEUR,1163.79,1164.3,1147.23,1158.39,377.05,436325.32
2017-04-21,BTCEUR,1150.94,1172.44,1150.93,1163.79,644.4,750768.81
2017-04-20,BTCEUR,1132,1161.83,1130.1,1150.94,815.08,933977.59
2017-04-19,BTCEUR,1124.75,1132,1116.21,1132,648.48,730071.37
2017-04-18,BTCEUR,1120.89,1137.11,1119.19,1124.75,617.46,697705.06
2017-04-17,BTCEUR,1115.95,1127.87,1108.2,1120.89,312.39,348781.45
2017-04-16,BTCEUR,1108.21,1123.39,1106.9,1115.95,222.27,248084.96
2017-04-15,BTCEUR,1110.3,1151.65,1069.38,1108.21,161.5,179888.51
2017-04-14,BTCEUR,1108.47,1127,1094.07,1110.3,343.33,382739.17
2017-04-13,BTCEUR,1143.09,1143.64,1076.3,1108.47,784.22,871105.65
2017-04-12,BTCEUR,1157.6,1157.64,1140,1143.09,646.3,743247.66
2017-04-11,BTCEUR,1141.84,1160.71,1136,1157.6,567.62,651976.55
2017-04-10,BTCEUR,1142.83,1150,1135.01,1141.84,534.04,610687.05
2017-04-09,BTCEUR,1118.92,1147.98,1111.01,1142.83,379.39,429746.76
2017-04-08,BTCEUR,1125.99,1130,1110.41,1118.92,374.62,420500.11
2017-04-07,BTCEUR,1125.31,1133.79,1105,1125.99,656.98,738635.46
2017-04-06,BTCEUR,1061.98,1132.39,1061.97,1125.31,907.46,998461.47
2017-04-05,BTCEUR,1075.91,1075.96,1047.77,1061.98,718.42,761336.15
2017-04-04,BTCEUR,1080.81,1088.4,1060.88,1075.91,972.57,1046387.7
2017-04-03,BTCEUR,1041.99,1089,1041.96,1080.81,1060.7,1133884.06
2017-04-02,BTCEUR,1026.26,1049,1015,1041.99,515.24,532466.54
2017-04-01,BTCEUR,1019.85,1045.87,1003,1026.26,573.99,589305.61
2017-03-31,BTCEUR,975.15,1023.92,975.15,1019.85,964.88,962864.59
2017-03-30,BTCEUR,968.92,980,951.05,975.15,851.31,824087.82
2017-03-29,BTCEUR,971.21,979.97,932.19,968.92,856.39,823864.79
2017-03-28,BTCEUR,962.04,987.86,940,971.21,1029.17,996229.7
2017-03-27,BTCEUR,893.66,964,885.37,962.04,1072.46,996055.48
2017-03-26,BTCEUR,896.88,925,874.08,893.66,1055.31,955191.26
2017-03-25,BTCEUR,865.85,907.16,826.67,896.88,1375.48,1180104.58
2017-03-24,BTCEUR,954.97,956,849.23,865.85,1882.62,1708559.02
2017-03-23,BTCEUR,959.01,980.51,944.5,954.97,849.71,820012.65
2017-03-22,BTCEUR,1028.77,1029.78,913.7,959.01,1433.41,1386277.29
2017-03-21,BTCEUR,971.87,1038.99,970.23,1028.77,1378.69,1396481.08
2017-03-20,BTCEUR,946.78,980.93,935.44,971.87,1126.52,1087258.61
2017-03-19,BTCEUR,900,995.17,898.28,946.78,1427.4,1355316.2
2017-03-18,BTCEUR,996.03,1022.8,864.01,900,2442.43,2293939.58
2017-03-17,BTCEUR,1096.08,1100,990.02,996.03,2179.12,2276233.64
2017-03-16,BTCEUR,1174,1184.5,1042.48,1096.08,1913.92,2147020.48
2017-03-15,BTCEUR,1177.34,1187.21,1167.74,1174,762.82,900271.34
2017-03-14,BTCEUR,1175.89,1188.31,1160,1177.34,775.07,909454.08
2017-03-13,BTCEUR,1157.09,1176.11,1138.26,1175.89,857.3,996495.8
2017-03-12,BTCEUR,1111.48,1161.89,1105.28,1157.09,521.44,593456.63
2017-03-11,BTCEUR,1044.71,1148,1038.64,1111.48,951.51,1054766.1
2017-03-10,BTCEUR,1129.81,1350,920,1044.71,2474.14,2732240.7
2017-03-09,BTCEUR,1084.72,1149.99,1071.93,1129.81,1076.54,1205501.75
2017-03-08,BTCEUR,1171.73,1179.56,1082.97,1084.72,1455.94,1634307.88
2017-03-07,BTCEUR,1215.56,1224.37,1123.61,1171.73,1151.48,1359611.01
2017-03-06,BTCEUR,1202.17,1219.75,1195.14,1215.56,610.65,740862.46
2017-03-05,BTCEUR,1199.99,1209.93,1172.72,1202.17,291.17,348354.88
2017-03-04,BTCEUR,1216,1222,1158.97,1199.99,512.96,614274.75
2017-03-03,BTCEUR,1200.62,1235,1192.39,1216,837.05,1019310.56
2017-03-02,BTCEUR,1166.5,1236.4,1156.18,1200.62,796.38,948281.29
2017-03-01,BTCEUR,1128.36,1179.21,1122.94,1166.5,856.34,984964.34
2017-02-28,BTCEUR,1128.79,1142.01,1121,1128.36,509.69,574834.71
2017-02-27,BTCEUR,1117.99,1137.03,1115.63,1128.79,649.47,730396.57
2017-02-26,BTCEUR,1094.64,1122.42,1070.96,1117.99,320.09,353925.28
2017-02-25,BTCEUR,1123.39,1125.16,1060.8,1094.64,519.08,572718.39
2017-02-24,BTCEUR,1115.29,1156.31,990.17,1123.39,1290.31,1436013.28
2017-02-23,BTCEUR,1072.48,1135.41,1070,1115.29,876.4,960077.86
2017-02-22,BTCEUR,1068.85,1080.24,1049.99,1072.48,691.36,738996.13
2017-02-21,BTCEUR,1023.01,1074.93,1017.71,1068.85,885.83,929172.84
2017-02-20,BTCEUR,994.5,1030,993.08,1023.01,496.87,499506.35
2017-02-19,BTCEUR,1002.23,1003.41,988.79,994.5,390.77,389280.33
2017-02-18,BTCEUR,995.02,1008.41,990,1002.23,428.73,429888.24
2017-02-17,BTCEUR,974.17,999.56,973.33,995.02,638.25,631151.47
2017-02-16,BTCEUR,960.71,980.96,958.72,974.17,617.49,599903.94
2017-02-15,BTCEUR,955.88,964.59,954.64,960.71,468.87,450318.32
2017-02-14,BTCEUR,946.51,964.08,941.5,955.88,584.71,559122.15
2017-02-13,BTCEUR,950.03,957.88,930.03,946.51,679.64,641968.06
2017-02-12,BTCEUR,955.37,959.99,950,950.03,226.73,215997.13
2017-02-11,BTCEUR,945.57,960,941.52,955.37,311.13,296839.53
2017-02-10,BTCEUR,924.7,949.99,903.56,945.57,708.47,653039.64
2017-02-09,BTCEUR,990.5,1005,875.59,924.7,1696.89,1574715.95
2017-02-08,BTCEUR,986.21,999.75,959,990.5,822.34,807595.19
2017-02-07,BTCEUR,956.42,988.9,954.5,986.21,685.37,671845.66
2017-02-06,BTCEUR,943.25,959.4,942.01,956.42,595.02,567398.57
2017-02-05,BTCEUR,959.74,960,935.01,943.25,311.03,294138.09
2017-02-04,BTCEUR,944.63,968.49,931.1,959.74,329.58,312853.55
2017-02-03,BTCEUR,936.13,952.47,927.89,944.63,792.57,747818.81
2017-02-02,BTCEUR,919.46,940.87,908.69,936.13,675.83,624939.68
2017-02-01,BTCEUR,904.98,920,896,919.46,939.89,852017.69
2017-01-31,BTCEUR,865.85,904.98,863.02,904.98,924.68,821613.28
2017-01-30,BTCEUR,860.27,867.31,856.57,865.85,461.16,398209.31
2017-01-29,BTCEUR,866.55,868.74,855.11,860.27,224.64,194119.63
2017-01-28,BTCEUR,863.68,869,860,866.55,256.43,222035.87
2017-01-27,BTCEUR,859.99,866.97,857.05,863.68,351.62,303244.57
2017-01-26,BTCEUR,836.88,862.5,836.35,859.99,501.0,427366.11
2017-01-25,BTCEUR,836.75,845.78,825.9,836.88,505.75,423056.92
2017-01-24,BTCEUR,863.62,863.62,830.29,836.75,774.84,656367.6
2017-01-23,BTCEUR,864.84,868.94,855.94,863.62,368.02,317504.11
2017-01-22,BTCEUR,866,882.75,840.04,864.84,418.1,361941.48
2017-01-21,BTCEUR,839.66,880,835.67,866,411.04,353582.67
2017-01-20,BTCEUR,849.84,851.05,836.01,839.66,495.75,419137.31
2017-01-19,BTCEUR,824.9,858.28,822.87,849.84,771.49,652605.07
2017-01-18,BTCEUR,852.38,857.92,800.61,824.9,764.81,632957.45
2017-01-17,BTCEUR,789.29,855.91,788,852.38,1143.97,955410.73
2017-01-16,BTCEUR,780.77,794.15,778.94,789.29,520.91,410898.1
2017-01-15,BTCEUR,774.99,783.9,767.23,780.77,345.13,267317.78
2017-01-14,BTCEUR,785.22,793.5,770,774.99,427.34,336371.67
2017-01-13,BTCEUR,778.84,789,733.45,785.22,959.27,736856.77
2017-01-12,BTCEUR,754.18,795.08,694.78,778.84,1545.03,1152741.86
2017-01-11,BTCEUR,865.7,876.75,732,754.18,1920.4,1515500.64
2017-01-10,BTCEUR,862.49,872.99,853.69,865.7,711.63,614281.81
2017-01-09,BTCEUR,866.96,872.2,840,862.49,760.56,651360.28
2017-01-08,BTCEUR,856,900,855,866.96,615.83,541018.44
2017-01-07,BTCEUR,850.47,861.98,776.89,856,977.72,799375.04
2017-01-06,BTCEUR,946.46,971.24,818.52,850.47,1311.5,1146275.0
2017-01-05,BTCEUR,1075.85,1111.56,833.66,946.46,2648.53,2578440.37
2017-01-04,BTCEUR,987.5,1098.71,983.76,1075.85,1284.5,1342353.49
2017-01-03,BTCEUR,976.12,987.99,964.66,987.5,836.69,819381.99
2017-01-02,BTCEUR,948.14,988.58,945.2,976.12,878.68,854830.13
2017-01-01,BTCEUR,923.34,953.69,921.47,948.14,473.3,444984.37
2016-12-31,BTCEUR,916.99,925,906.15,923.34,283.24,259541.05
2016-12-30,BTCEUR,937,938.99,877.27,916.99,703.92,637998.07
2016-12-29,BTCEUR,944.44,948.56,908.44,937,825.7,770788.58
2016-12-28,BTCEUR,889.75,944.44,889.41,944.44,1115.92,1025221.24
2016-12-27,BTCEUR,862.02,915,859.2,889.75,571.25,506354.46
2016-12-26,BTCEUR,861.59,875,855.93,862.02,343.45,296696.63
2016-12-25,BTCEUR,857.26,862.39,808.91,861.59,689.37,576104.03
2016-12-24,BTCEUR,885.57,886.76,850,857.26,384.27,332286.2
2016-12-23,BTCEUR,827.89,887.4,826.02,885.57,1225.33,1055320.96
2016-12-22,BTCEUR,798.24,834.77,798.23,827.89,872.64,721069.24
2016-12-21,BTCEUR,770.04,799.97,770.04,798.24,724.82,570758.1
2016-12-20,BTCEUR,764.25,770.44,761.01,770.04,835.08,638872.41
2016-12-19,BTCEUR,761,764.9,760.01,764.25,547.67,417753.76
2016-12-18,BTCEUR,761.15,761.67,748.96,761,206.14,156367.38
2016-12-17,BTCEUR,752.11,761.67,751.46,761.15,317.9,240526.98
2016-12-16,BTCEUR,745.17,752.85,742.98,752.11,399.97,299424.8
2016-12-15,BTCEUR,734.67,747.87,733.7,745.17,1611.55,1196137.39
2016-12-14,BTCEUR,736.81,737.76,731.56,734.67,647.53,475982.01
2016-12-13,BTCEUR,734.71,740,730,736.81,562.79,414433.91
2016-12-12,BTCEUR,731.98,741.75,726.51,734.71,615.56,453439.64
2016-12-11,BTCEUR,734.81,734.99,726.2,731.98,203.6,148579.8
2016-12-10,BTCEUR,730.17,736,728.24,734.81,211.75,155373.37
2016-12-09,BTCEUR,723.5,732.59,718,730.17,354.92,258317.65
2016-12-08,BTCEUR,715.24,724.71,709.9,723.5,1238.32,891471.03
2016-12-07,BTCEUR,717,718.64,712.02,715.24,274.24,196243.51
2016-12-06,BTCEUR,702.71,704.98,700.2,702.72,36.36,25557.53
2016-12-05,BTCEUR,723.5,723.8,699.81,702.71,690.26,489291.65
2016-12-04,BTCEUR,721.05,725,718.4,723.5,241.61,174311.72
2016-12-03,BTCEUR,726.44,726.45,714.22,721.05,377.95,272197.05
2016-12-02,BTCEUR,709.34,729.73,708.48,726.44,548.85,396415.4
2016-12-01,BTCEUR,701.41,711.03,700.29,709.34,421.62,298427.16
2016-11-30,BTCEUR,690.42,703,686.93,701.41,427.25,298072.95
2016-11-29,BTCEUR,693.95,697.22,687.79,690.42,451.57,313013.71
2016-11-28,BTCEUR,695,702.21,690,693.95,407.57,283780.96
2016-11-27,BTCEUR,699.95,704,690.58,695,176.57,123506.23
2016-11-26,BTCEUR,704.9,705.47,690.58,699.95,198.27,138490.4
2016-11-25,BTCEUR,705.58,705.85,695,704.9,277.23,194015.06
2016-11-24,BTCEUR,706.72,709.99,692,705.58,430.3,302098.74
2016-11-23,BTCEUR,708.4,711.21,698.24,706.72,377.51,266424.35
2016-11-22,BTCEUR,699.6,713.82,693.02,708.4,350.29,246752.91
2016-11-21,BTCEUR,689.08,704,686.19,699.6,310.52,216166.1
2016-11-20,BTCEUR,706.72,708,673.48,689.08,319.25,220534.61
2016-11-19,BTCEUR,707,712,696.7,706.72,216.91,153378.65
2016-11-18,BTCEUR,692.47,714.74,685,707,424.4,297945.02
2016-11-17,BTCEUR,689.45,703.74,680.5,692.47,519.43,360342.29
2016-11-16,BTCEUR,666.46,699.74,662.52,689.45,765.02,520218.67
2016-11-15,BTCEUR,659.08,670,649.98,666.46,400.34,265345.04
2016-11-14,BTCEUR,649.02,661,644.5,659.08,368.87,241614.7
2016-11-13,BTCEUR,650.96,651.15,634.23,649.02,259.55,167089.92
2016-11-12,BTCEUR,661.24,662.23,647.51,650.96,183.82,120207.0
2016-11-11,BTCEUR,658.33,662.23,656.34,661.24,266.27,175894.52
2016-11-10,BTCEUR,662.21,666,654.72,658.33,283.76,186929.7
2016-11-09,BTCEUR,652.03,668,644.72,662.21,1153.76,761675.35
2016-11-08,BTCEUR,644.09,652.03,636.62,652.03,439.27,283132.98
2016-11-07,BTCEUR,642.9,646.91,635.38,644.09,447.2,286636.15
2016-11-06,BTCEUR,634.99,648.04,632.05,642.9,197.08,126244.78
2016-11-05,BTCEUR,637.56,639,625.01,634.99,210.65,133525.59
2016-11-04,BTCEUR,621,642.25,615.03,637.56,405.26,256088.64
2016-11-03,BTCEUR,667.5,675,610,621,836.87,540293.17
2016-11-02,BTCEUR,661.82,667.5,655,667.5,389.39,256465.68
2016-11-01,BTCEUR,640.96,673.25,639.33,661.82,490.23,323876.99
2016-10-31,BTCEUR,632.74,649.74,625,640.96,349.16,223778.42
2016-10-30,BTCEUR,650.09,650.19,630,632.74,335.52,214944.69
2016-10-29,BTCEUR,630.23,655,630.08,650.09,374.39,242318.53
2016-10-28,BTCEUR,630.58,637.13,630,630.23,367.6,232705.63
2016-10-27,BTCEUR,620.9,636.06,620.26,630.58,498.81,313809.31
2016-10-26,BTCEUR,601.01,626.12,601.01,620.9,505.44,309926.99
2016-10-25,BTCEUR,601.44,609,599.95,601.01,408.24,247246.31
2016-10-24,BTCEUR,599.32,603.31,597.65,601.44,297.94,178808.81
2016-10-23,BTCEUR,600.73,605,597.23,599.32,213.13,128115.77
2016-10-22,BTCEUR,582.04,604.44,582.04,600.73,256.86,152382.76
2016-10-21,BTCEUR,577.54,584.89,577.48,582.04,298.7,173863.16
2016-10-20,BTCEUR,578.14,579.86,573.05,577.54,407.13,235287.42
2016-10-19,BTCEUR,582.14,585.14,567.74,578.14,365.54,211469.51
2016-10-18,BTCEUR,581.14,585.56,579.42,582.14,432.99,252407.74
2016-10-17,BTCEUR,586.7,587.01,580,581.14,282.94,165355.87
2016-10-16,BTCEUR,584.68,588,584.5,586.7,149.81,87884.66
2016-10-15,BTCEUR,583.39,588.17,579.42,584.68,252.05,147698.43
2016-10-14,BTCEUR,577.01,584.5,573.84,583.39,306.27,177703.35
2016-10-13,BTCEUR,579.89,583.39,577,577.01,444.98,257987.64
2016-10-12,BTCEUR,580.01,584.06,573.53,579.89,396.35,229995.02
2016-10-11,BTCEUR,556.99,580.06,556.65,580.01,617.87,354113.02
2016-10-10,BTCEUR,555.32,557.72,546.78,556.99,461.68,256063.07
2016-10-09,BTCEUR,557.27,557.4,551.7,555.32,166.87,92600.26
2016-10-08,BTCEUR,555.32,557.27,553.03,557.27,168.32,93536.74
2016-10-07,BTCEUR,552.37,559.52,543.64,555.32,447.35,248534.85
2016-10-06,BTCEUR,551.33,553.28,550.16,552.37,409.2,225769.12
2016-10-05,BTCEUR,545.84,551.94,545.57,551.33,323.57,177646.25
2016-10-04,BTCEUR,547.15,552.11,544,545.84,460.21,252446.07
2016-10-03,BTCEUR,547.92,551,540.47,547.15,393.5,215658.52
2016-10-02,BTCEUR,550.6,550.65,543.98,547.92,187.62,102683.95
2016-10-01,BTCEUR,544.89,551.99,544.89,550.6,215.66,118419.06
2016-09-30,BTCEUR,542.74,547.21,539.5,544.89,353.29,192385.15
2016-09-29,BTCEUR,542.27,544.48,539.71,542.74,324.82,176241.48
2016-09-28,BTCEUR,543.06,544.98,539.07,542.27,344.89,187095.97
2016-09-27,BTCEUR,542.01,543.06,538.48,543.06,324.83,175780.53
2016-09-26,BTCEUR,537.05,543.45,533.39,542.01,246.18,133105.03
2016-09-25,BTCEUR,540.15,540.15,535,537.05,160.55,86296.01
2016-09-24,BTCEUR,538.26,540.17,536.21,540.15,177.78,95782.67
2016-09-23,BTCEUR,532.96,540.1,532.67,538.26,277.49,148716.05
2016-09-22,BTCEUR,535.4,535.41,527.04,532.96,249.9,133042.98
2016-09-21,BTCEUR,546.68,546.68,530.7,535.4,437.12,234636.83
2016-09-20,BTCEUR,545.12,549.96,544.1,546.68,288.13,157413.39
2016-09-19,BTCEUR,547.4,547.88,542.42,545.12,285.04,155542.26
2016-09-18,BTCEUR,543.74,548.09,543,547.4,124.03,67619.54
2016-09-17,BTCEUR,546.81,547.03,542.92,543.74,169.58,92380.29
2016-09-16,BTCEUR,543.42,549,541.75,546.81,228.0,124214.27
2016-09-15,BTCEUR,546.19,546.36,540.46,543.42,286.92,156082.62
2016-09-14,BTCEUR,545.33,548.28,543.01,546.19,320.68,175266.25
2016-09-13,BTCEUR,544.04,548.44,542.18,545.33,364.4,198722.98
2016-09-12,BTCEUR,544.5,545.84,540,544.04,226.52,122904.1
2016-09-11,BTCEUR,559,563.09,531.09,544.5,334.87,183965.95
2016-09-10,BTCEUR,557.8,560.94,555,559,173.75,96892.17
2016-09-09,BTCEUR,557.18,561.78,550.19,557.8,331.74,183973.81
2016-09-08,BTCEUR,548.96,562.3,542.85,557.18,527.11,292288.73
2016-09-07,BTCEUR,545.86,551.58,538.46,548.96,376.59,205581.84
2016-09-06,BTCEUR,545.78,554.82,538.27,545.86,231.31,125972.11
2016-09-05,BTCEUR,546.16,547.27,537.33,545.78,202.9,110139.43
2016-09-04,BTCEUR,535.58,556.9,533.75,546.16,383.51,208828.93
2016-09-03,BTCEUR,516.3,536.69,515.27,535.58,284.77,148122.38
2016-09-02,BTCEUR,512.51,516.84,507.09,516.3,355.26,182359.61
2016-09-01,BTCEUR,514.28,517.33,510,512.51,359.68,184549.23
2016-08-31,BTCEUR,516.79,519.61,513,514.28,275.45,141976.1
2016-08-30,BTCEUR,514.92,519.83,514.22,516.79,321.59,166584.57
2016-08-29,BTCEUR,514.65,517.76,511.75,514.92,299.62,154369.82
2016-08-28,BTCEUR,510.74,515.7,508.42,514.65,196.42,100665.4
2016-08-27,BTCEUR,516.25,519.47,508.47,510.74,195.21,100289.86
2016-08-26,BTCEUR,512.8,518.76,510.57,516.25,241.38,124247.16
2016-08-25,BTCEUR,515.99,516.81,508,512.8,300.71,153926.99
2016-08-24,BTCEUR,518.02,518.49,514.01,515.99,280.81,145068.3
2016-08-23,BTCEUR,520.5,521.56,512.02,518.02,400.24,207172.02
2016-08-22,BTCEUR,516.24,521.82,512.13,520.5,222.49,115383.83
2016-08-21,BTCEUR,516.52,519.31,513,516.24,136.77,70616.03
2016-08-20,BTCEUR,510,517.25,506.35,516.52,275.14,140673.13
2016-08-19,BTCEUR,507.38,513.16,503.47,510,364.67,185794.57
2016-08-18,BTCEUR,510.36,512.95,503.91,507.38,320.43,163224.05
2016-08-17,BTCEUR,517.33,519.25,504.28,510.36,411.06,210951.94
2016-08-16,BTCEUR,509.51,520.27,502.27,517.33,340.62,174239.85
2016-08-15,BTCEUR,513.34,516.86,501.31,509.51,283.76,144903.3
2016-08-14,BTCEUR,527.5,527.71,505,513.34,257.27,132656.1
2016-08-13,BTCEUR,527.21,532.81,523.31,527.5,188.18,99368.74
2016-08-12,BTCEUR,531.88,533.71,523.03,527.21,310.58,164339.47
2016-08-11,BTCEUR,532.66,540.07,529.17,531.88,291.07,155603.04
2016-08-10,BTCEUR,532.51,545,526.86,532.66,335.1,179161.89
2016-08-09,BTCEUR,539.28,540,527.5,532.51,374.19,199837.83
2016-08-08,BTCEUR,541.1,543.08,534.51,539.28,315.17,170066.76
2016-08-07,BTCEUR,536.18,546.2,531.82,541.1,256.08,138369.07
2016-08-06,BTCEUR,525.96,536.18,516.22,536.18,255.59,134189.57
2016-08-05,BTCEUR,526.38,533.67,507.59,525.96,505.96,264255.29
2016-08-04,BTCEUR,518,541.97,504.26,526.38,751.88,395529.75
2016-08-03,BTCEUR,453.33,524.14,453.33,518,1173.7,589688.54
2016-08-02,BTCEUR,539.76,546.38,434.78,453.33,900.49,468520.87
2016-08-01,BTCEUR,560.25,564.98,535.26,539.76,512.28,284334.42
2016-07-31,BTCEUR,587.06,588.49,560.25,560.25,407.2,232628.47
2016-07-30,BTCEUR,590.99,594.31,587.04,587.06,171.75,101295.15
2016-07-29,BTCEUR,595.01,596.65,587.05,590.99,288.53,171030.84
2016-07-28,BTCEUR,595.52,597.27,590.5,595.01,303.54,180492.02
2016-07-27,BTCEUR,598,600,590.26,595.52,360.59,215343.84
2016-07-26,BTCEUR,596.56,600,588.89,598,427.08,253676.96
2016-07-25,BTCEUR,605.99,605.99,595.01,596.56,292.05,175278.85
2016-07-24,BTCEUR,601.21,606.85,596,605.99,144.53,86975.62
2016-07-23,BTCEUR,596.39,604.32,593.08,601.21,258.13,154304.89
2016-07-22,BTCEUR,606.23,610,592.5,596.39,348.82,209688.55
2016-07-21,BTCEUR,608.84,609.99,602.01,606.23,290.36,175972.84
2016-07-20,BTCEUR,612.58,615.6,605.25,608.84,293.59,179320.75
2016-07-19,BTCEUR,612.7,613.3,607.56,612.58,309.39,189193.78
2016-07-18,BTCEUR,614.67,618.55,606.87,612.7,263.54,161967.12
2016-07-17,BTCEUR,606.66,623.02,603.01,614.67,267.87,164384.56
2016-07-16,BTCEUR,607.7,609.79,601.8,606.66,152.29,92334.24
2016-07-15,BTCEUR,600.53,610,596.67,607.7,294.55,177935.97
2016-07-14,BTCEUR,599.31,604.01,590.62,600.53,347.03,207316.18
2016-07-13,BTCEUR,612.97,612.97,596.83,599.31,430.89,260730.98
2016-07-12,BTCEUR,592.31,615.14,588,612.97,403.05,242248.27
2016-07-11,BTCEUR,592.06,600.79,587.56,592.31,330.68,196132.35
2016-07-10,BTCEUR,594.6,594.6,585.6,592.06,151.21,89261.9
2016-07-09,BTCEUR,607.98,609.22,560.26,594.6,399.29,236051.14
2016-07-08,BTCEUR,584.16,608.32,580,607.98,383.37,227113.84
2016-07-07,BTCEUR,614.92,617.29,557.94,584.16,851.17,497191.17
2016-07-06,BTCEUR,609.88,619.3,605.85,614.92,432.83,266245.01
2016-07-05,BTCEUR,610.99,615,601,609.88,420.31,255989.88
2016-07-04,BTCEUR,602.07,613,585.11,610.99,297.67,179813.07
2016-07-03,BTCEUR,631,636.02,585,602.07,422.1,255633.37
2016-07-02,BTCEUR,611.32,631.68,610.77,631,503.38,311973.09
2016-07-01,BTCEUR,610.43,622.15,597.72,611.32,450.67,275964.35
2016-06-30,BTCEUR,578.25,614.07,573,610.43,584.6,348223.69
2016-06-29,BTCEUR,591.83,592.2,565.67,578.25,514.37,296713.86
2016-06-28,BTCEUR,592.48,601.25,584,591.83,519.5,308258.65
2016-06-27,BTCEUR,568.6,599.13,568.6,592.48,397.02,233389.83
2016-06-26,BTCEUR,611.06,611.06,560.59,568.6,422.97,245767.0
2016-06-25,BTCEUR,604.93,624.89,585.01,611.06,467.28,285637.9
2016-06-24,BTCEUR,553.4,634.99,550.88,604.93,1727.5,1045194.75
2016-06-23,BTCEUR,529.38,564.19,493.35,553.4,1326.92,698420.03
2016-06-22,BTCEUR,599.46,609,522.82,529.38,1193.84,688374.74
2016-06-21,BTCEUR,646.39,651.44,544.38,599.46,1746.08,1049161.78
2016-06-20,BTCEUR,681.68,685,635.44,646.39,737.81,489023.15
2016-06-19,BTCEUR,676.67,690,673,681.68,305.71,207374.58
2016-06-18,BTCEUR,668.37,696.08,657,676.67,488.39,330786.05
2016-06-17,BTCEUR,692.44,715.65,624.41,668.37,1075.45,717268.67
2016-06-16,BTCEUR,619.55,698,618.65,692.44,999.49,663603.74
2016-06-15,BTCEUR,620.75,624.9,599.01,619.55,741.23,454524.05
2016-06-14,BTCEUR,626.61,628.15,583.99,620.75,934.52,573287.67
2016-06-13,BTCEUR,597.15,640.96,595,626.61,1258.89,775308.76
2016-06-12,BTCEUR,528.09,610,528.08,597.15,1416.13,808028.39
2016-06-11,BTCEUR,515,528.09,514.6,528.09,453.13,235998.76
2016-06-10,BTCEUR,512.37,515,509.06,515,460.84,236218.43
2016-06-09,BTCEUR,511.51,513.41,505.8,512.37,492.09,251094.11
2016-06-08,BTCEUR,511.02,514.09,504.93,511.51,515.03,262494.14
2016-06-07,BTCEUR,515.38,520.3,498.46,511.02,969.02,496035.06
2016-06-06,BTCEUR,506.89,518,506.76,515.38,629.94,323839.16
2016-06-05,BTCEUR,507.68,514.63,490.94,506.89,465.9,236044.18
2016-06-04,BTCEUR,503.08,524.81,495.88,507.68,723.16,368245.19
2016-06-03,BTCEUR,482.71,510.36,479.55,503.08,1638.89,816060.1
2016-06-02,BTCEUR,480.63,485,473.2,482.71,647.19,310161.93
2016-06-01,BTCEUR,477.02,486.96,471,480.63,775.88,372389.14
2016-05-31,BTCEUR,480.1,490.94,468.41,477.02,875.04,420072.7
2016-05-30,BTCEUR,471.82,486.88,455.38,480.1,671.39,320600.27
2016-05-29,BTCEUR,469.59,494.6,452.32,471.82,875.7,414223.4
2016-05-28,BTCEUR,424.27,485.84,422.31,469.59,1173.71,525426.25
2016-05-27,BTCEUR,406.96,427.88,405.24,424.27,1161.64,489529.66
2016-05-26,BTCEUR,403.85,407,402.28,406.96,515.4,208681.61
2016-05-25,BTCEUR,401.15,404.99,400.2,403.85,503.5,202917.63
2016-05-24,BTCEUR,396.14,402.86,396,401.15,670.2,267423.78
2016-05-23,BTCEUR,394.18,398.6,391.54,396.14,794.26,313624.3
2016-05-22,BTCEUR,398.47,398.47,391.59,394.18,419.27,165612.76
2016-05-21,BTCEUR,395.6,399.4,394.04,398.47,295.62,117262.55
2016-05-20,BTCEUR,395.74,400,390.2,395.6,511.43,202390.86
2016-05-19,BTCEUR,405.52,406.66,394.17,395.74,570.98,228544.48
2016-05-18,BTCEUR,401.38,406.7,400.48,405.52,399.76,161698.79
2016-05-17,BTCEUR,404.19,404.42,400.35,401.38,489.3,197045.46
2016-05-16,BTCEUR,406.26,407.5,399.62,404.19,441.3,178309.96
2016-05-15,BTCEUR,406.4,408.84,403.49,406.26,285.32,116030.04
2016-05-14,BTCEUR,405.38,406.98,402.98,406.4,398.81,161444.45
2016-05-13,BTCEUR,401.71,406.51,398.96,405.38,626.36,252527.22
2016-05-12,BTCEUR,396.88,403.99,393.21,401.71,628.68,250096.88
2016-05-11,BTCEUR,399.98,402,395,396.88,208.8,83188.45
2016-05-10,BTCEUR,406.16,406.95,396.91,398.44,168.57,67757.9
2016-05-09,BTCEUR,403.6,407.1,401.02,406.16,227.23,91885.39
2016-05-08,BTCEUR,404.03,404.49,399.59,403.6,167.4,67415.52
2016-05-07,BTCEUR,405.19,405.23,403.21,404.03,142.06,57407.11
2016-05-06,BTCEUR,394.5,406.18,392.93,405.19,347.52,138369.88
2016-05-05,BTCEUR,390.38,395.47,390.38,394.5,345.05,135416.52
2016-05-04,BTCEUR,394.16,394.97,387.72,390.38,409.45,160149.3
2016-05-03,BTCEUR,387.89,400,384.5,394.16,798.2,311098.83
2016-05-02,BTCEUR,397.3,399.49,383,387.89,604.59,234860.57
2016-05-01,BTCEUR,393.8,398.69,391,397.3,243.2,96231.4
2016-04-30,BTCEUR,400.91,406.48,393.8,393.8,407.3,161828.78
2016-04-29,BTCEUR,398.74,405.84,394.01,400.91,690.77,274033.35
2016-04-28,BTCEUR,397.06,407.5,385.59,398.74,755.52,297813.78
2016-04-27,BTCEUR,416.11,416.52,391.84,397.06,1036.82,420791.67
2016-04-26,BTCEUR,415.84,418.6,410.72,416.11,668.93,277215.4
2016-04-25,BTCEUR,410.72,418.59,406.1,415.84,507.83,208419.67
2016-04-24,BTCEUR,401.44,411.98,400.1,410.72,619.2,252298.9
2016-04-23,BTCEUR,399.43,401.44,397.23,401.44,485.02,194025.12
2016-04-22,BTCEUR,399.97,400.98,394.74,399.43,844.82,336153.2
2016-04-21,BTCEUR,392.07,400.96,389.75,399.97,971.81,383110.74
2016-04-20,BTCEUR,385,393.15,384,392.07,735.79,285664.09
2016-04-19,BTCEUR,380.09,385,378.26,385,671.23,255225.29
2016-04-18,BTCEUR,385,385,379.58,380.09,20.33,7725.6
2016-04-17,BTCEUR,385,385,385,385,0.0,0.0
2016-04-16,BTCEUR,382.72,385,382.3,385,208.18,79897.9
2016-04-15,BTCEUR,378.51,384.54,378.07,382.72,581.21,221517.68
2016-04-14,BTCEUR,378.04,379.45,377,378.51,499.01,188542.44
2016-04-13,BTCEUR,375.44,378.82,374.39,378.04,836.08,314521.79
2016-04-12,BTCEUR,371.68,381.51,371.38,375.44,672.18,252342.14
2016-04-11,BTCEUR,371.22,373.55,368.91,371.68,460.34,170769.7
2016-04-10,BTCEUR,368.43,371.82,367.95,371.22,217.18,80466.84
2016-04-09,BTCEUR,368.25,369.17,365.01,368.43,267.77,98438.3
2016-04-08,BTCEUR,371.12,374.37,365.65,368.25,653.34,242739.42
2016-04-07,BTCEUR,370.24,373,368.56,371.12,619.46,229512.78
2016-04-06,BTCEUR,370.86,380,368.89,370.24,517.53,192378.87
2016-04-05,BTCEUR,368.75,372.93,367.54,370.86,568.83,210934.38
2016-04-04,BTCEUR,369.18,370.22,366.95,368.75,450.2,165899.7
2016-04-03,BTCEUR,369.43,370.23,367.4,369.18,184.99,68254.99
2016-04-02,BTCEUR,367.21,369.68,365.95,369.43,273.66,100846.36
2016-04-01,BTCEUR,365.97,367.21,364.47,367.21,580.07,212210.08
2016-03-31,BTCEUR,364.74,368,363.75,365.97,559.58,204721.86
2016-03-30,BTCEUR,368.77,368.9,361.62,364.74,628.24,229420.22
2016-03-29,BTCEUR,377.68,379.99,365.75,368.77,747.41,276842.53
2016-03-28,BTCEUR,379.7,380.85,375.01,377.68,319.81,120897.71
2016-03-27,BTCEUR,373,382.95,372.51,379.7,343.36,129877.03
2016-03-26,BTCEUR,373,374,371.91,373,337.88,126023.48
2016-03-25,BTCEUR,370.79,374.05,368.69,373,349.73,130139.62
2016-03-24,BTCEUR,374.02,374.21,365,370.79,387.39,144129.98
2016-03-23,BTCEUR,372.05,375.64,371.02,374.02,316.9,118254.41
2016-03-22,BTCEUR,366.03,372.5,365.64,372.05,435.91,161686.07
2016-03-21,BTCEUR,367.02,367.13,361.12,366.03,463.1,168760.94
2016-03-20,BTCEUR,362.41,368,362.41,367.02,326.02,119409.02
2016-03-19,BTCEUR,364.55,374.74,359.79,362.41,379.66,138638.94
2016-03-18,BTCEUR,370.7,370.83,356.97,364.55,1143.6,417115.24
2016-03-17,BTCEUR,371.47,373.98,369.01,370.7,655.32,243620.4
2016-03-16,BTCEUR,374.65,383.93,371.39,371.47,895.61,335485.28
2016-03-15,BTCEUR,373.47,375.94,372.11,374.65,556.22,208314.78
2016-03-14,BTCEUR,370.72,374.04,369,373.47,631.41,234700.92
2016-03-13,BTCEUR,369,373.75,367.78,370.72,277.92,103090.03
2016-03-12,BTCEUR,376,376.86,364.23,369,381.78,141372.08
2016-03-11,BTCEUR,371.01,378.56,371.01,376,1129.83,425166.79
2016-03-10,BTCEUR,376.05,380.41,370.18,371.01,3079.62,1156873.15
2016-03-09,BTCEUR,374.12,383.93,372.36,376.05,693.4,261225.8
2016-03-08,BTCEUR,377.81,379.15,370.29,374.12,837.74,313246.38
2016-03-07,BTCEUR,367.33,378.67,362.81,377.81,713.52,265315.27
2016-03-06,BTCEUR,362.26,371.98,356.24,367.33,692.91,253049.8
2016-03-05,BTCEUR,371.65,373.25,350.73,362.26,1346.87,485376.29
2016-03-04,BTCEUR,382.85,386.41,368.34,371.65,641.02,243026.34
2016-03-03,BTCEUR,390.98,390.98,376.19,382.85,1062.01,408278.1
2016-03-02,BTCEUR,398.97,399.95,390,390.98,568.71,225436.25
2016-03-01,BTCEUR,400.8,401.99,393.99,398.97,512.87,204356.05
2016-02-29,BTCEUR,395.8,404.98,393.45,400.8,671.44,268524.05
2016-02-28,BTCEUR,395.58,398,387.01,395.8,442.17,173732.54
2016-02-27,BTCEUR,390.95,397.94,390.95,395.58,307.17,121271.89
2016-02-26,BTCEUR,384.54,390.95,376.87,390.95,487.43,187844.41
2016-02-25,BTCEUR,384.57,387.79,372.22,384.54,482.47,184749.19
2016-02-24,BTCEUR,382.03,387.29,373.18,384.57,628.99,240482.86
2016-02-23,BTCEUR,396.68,398.38,375.78,382.03,487.07,186809.88
2016-02-22,BTCEUR,393.06,398.64,388.81,396.68,474.47,187033.32
2016-02-21,BTCEUR,396.89,403.79,388.47,393.06,1094.5,432692.33
2016-02-20,BTCEUR,377.34,398.5,377.34,396.89,460.41,179408.5
2016-02-19,BTCEUR,380.12,384.61,374.5,377.34,331.22,125176.77
2016-02-18,BTCEUR,374.25,382.68,373,380.12,523.34,197944.64
2016-02-17,BTCEUR,366.31,381,364.69,374.25,906.91,339114.08
2016-02-16,BTCEUR,356.76,367.04,356.14,366.31,632.91,229877.17
2016-02-15,BTCEUR,359.97,364,353,356.76,506.75,181891.79
2016-02-14,BTCEUR,345.96,359.98,345,359.97,371.25,131487.31
2016-02-13,BTCEUR,339.11,350,338.6,345.96,344.03,118801.08
2016-02-12,BTCEUR,333.49,340.96,325.89,339.11,495.43,167043.09
2016-02-11,BTCEUR,335.5,336.82,327.03,333.49,637.69,210770.51
2016-02-10,BTCEUR,330.74,341,328.7,335.5,563.46,188627.97
2016-02-09,BTCEUR,331.82,334.35,328.27,330.74,647.37,214558.77
2016-02-08,BTCEUR,337.76,341.45,330.29,331.82,511.04,171341.88
2016-02-07,BTCEUR,336.6,342.48,334.47,337.76,167.06,56442.25
2016-02-06,BTCEUR,345.33,345.49,332.5,336.6,304.48,102847.41
2016-02-05,BTCEUR,348.69,349.31,336.93,345.33,557.42,192458.24
2016-02-04,BTCEUR,332,348.69,331.28,348.69,665.98,226272.07
2016-02-03,BTCEUR,341.96,342.87,330.35,332,493.17,166176.84
2016-02-02,BTCEUR,341.32,345.32,339,341.96,601.38,205912.84
2016-02-01,BTCEUR,342,349.44,332.49,341.32,446.1,152119.0
2016-01-31,BTCEUR,350.61,353.33,340.27,342,284.36,99504.65
2016-01-30,BTCEUR,350.93,355,347.34,350.61,283.08,99297.36
2016-01-29,BTCEUR,348.07,354.99,333.83,350.93,553.09,191830.3
2016-01-28,BTCEUR,363.08,363.24,344.12,348.07,865.34,303969.03
2016-01-27,BTCEUR,358.64,366.32,358.64,363.08,502.84,182672.23
2016-01-26,BTCEUR,362.84,367.48,357.32,358.64,466.38,169357.56
2016-01-25,BTCEUR,373.39,374.87,356.67,362.84,435.09,158468.16
2016-01-24,BTCEUR,361.57,378.62,357.04,373.39,291.08,107909.33
2016-01-23,BTCEUR,354.58,367.49,353.22,361.57,378.23,136731.0
2016-01-22,BTCEUR,376.99,379.83,347.22,354.58,704.62,254621.98
2016-01-21,BTCEUR,375,388.86,371.17,376.99,866.09,328148.12
2016-01-20,BTCEUR,345.21,379.65,339.79,375,1355.59,494311.18
2016-01-19,BTCEUR,347.96,355.3,340.66,345.21,769.04,269071.55
2016-01-18,BTCEUR,352.97,354.73,341.54,347.96,855.8,298800.54
2016-01-17,BTCEUR,353.08,357.29,347.83,352.97,599.74,210849.5
2016-01-16,BTCEUR,340.64,354.54,306.84,353.08,1735.23,587628.49
2016-01-15,BTCEUR,396.91,411.98,330.86,340.64,2466.68,903718.66
2016-01-14,BTCEUR,398.4,400.55,392.3,396.91,405.8,161429.96
2016-01-13,BTCEUR,412.67,412.67,392.3,398.4,792.92,315751.92
2016-01-12,BTCEUR,416,416.43,410.34,412.67,492.72,203384.67
2016-01-11,BTCEUR,412.2,416.39,407.05,416,269.32,110946.8
2016-01-10,BTCEUR,413.65,416.44,404.83,412.2,183.82,75219.86
2016-01-09,BTCEUR,416.17,417.66,411,413.65,251.62,104191.53
2016-01-08,BTCEUR,420.36,426,410.05,416.17,551.32,230839.24
2016-01-07,BTCEUR,401.85,422.01,398.85,420.36,776.77,323629.39
2016-01-06,BTCEUR,402.91,403.99,398.25,401.85,351.89,141280.58
2016-01-05,BTCEUR,401.45,404.77,399.85,402.91,502.23,202261.53
2016-01-04,BTCEUR,397.29,403,396.35,401.45,283.18,113055.65
2016-01-03,BTCEUR,400.94,400.94,392.39,397.29,191.26,75691.67
2016-01-02,BTCEUR,400.95,402.65,397.61,400.94,175.26,70213.37
2016-01-01,BTCEUR,397,403,394.84,400.95,257.55,102815.53
2015-12-31,BTCEUR,392.59,399.5,385.05,397,318.18,124702.68
2015-12-30,BTCEUR,395.45,399.3,386.49,392.59,381.22,150246.12
2015-12-29,BTCEUR,384.85,396.62,382.51,395.45,429.86,167031.35
2015-12-28,BTCEUR,388.16,393.47,381.34,384.85,283.71,109704.18
2015-12-27,BTCEUR,380.82,392,376.44,388.16,780.12,299264.15
2015-12-26,BTCEUR,414.52,416.6,372.57,380.82,1311.01,507158.73
2015-12-25,BTCEUR,414.83,419,411.61,414.52,218.35,90531.7
2015-12-24,BTCEUR,407.09,420.37,404.65,414.83,414.87,172543.15
2015-12-23,BTCEUR,398.26,409.69,394,407.09,378.46,152249.92
2015-12-22,BTCEUR,399.8,405.67,395.84,398.26,510.65,204644.26
2015-12-21,BTCEUR,407.94,409.68,391.66,399.8,1192.66,477234.77
2015-12-20,BTCEUR,425.23,425.81,396.01,407.94,888.3,365108.01
2015-12-19,BTCEUR,426.22,431.21,414.74,425.23,2454.94,1042698.21
2015-12-18,BTCEUR,420.34,429.89,418.49,426.22,614.15,260711.62
2015-12-17,BTCEUR,416.28,421.74,412.04,420.34,658.57,275808.04
2015-12-16,BTCEUR,423.37,424.79,404.16,416.28,975.48,405753.82
2015-12-15,BTCEUR,402.91,425,402.28,423.37,1110.93,462033.11
2015-12-14,BTCEUR,398.05,409.16,392.94,402.91,2522.81,1010972.02
2015-12-13,BTCEUR,396.67,403.95,385,398.05,659.82,262986.98
2015-12-12,BTCEUR,409.25,426.08,376.91,396.67,2638.59,1029953.58
2015-12-11,BTCEUR,381.17,412.77,378.65,409.25,1320.6,523768.17
2015-12-10,BTCEUR,377.55,383.31,373.09,381.17,342.12,129752.67
2015-12-09,BTCEUR,363.99,386.34,360,377.55,917.23,346561.52
2015-12-08,BTCEUR,364.8,365,360,363.99,24.1,8764.44
2015-12-07,BTCEUR,358.98,365,354.25,364.8,49.36,17813.35
2015-12-06,BTCEUR,338.98,358.98,338.53,358.98,174.54,60583.33
2015-12-05,BTCEUR,331.08,347,328.98,338.98,289.5,97310.01
2015-12-04,BTCEUR,332.51,333.8,326.01,331.08,283.16,93031.49
2015-12-03,BTCEUR,334.7,342,331.2,332.51,258.43,87060.45
2015-12-02,BTCEUR,341,341,329.22,334.7,158.17,53064.39
2015-12-01,BTCEUR,355.58,358.8,335.08,341,43.94,15096.38
2015-11-30,BTCEUR,353.59,360,348.45,355.16,30.55,10878.75
2015-11-29,BTCEUR,336.08,353.59,335.28,353.59,90.19,31239.91
2015-11-28,BTCEUR,339.2,339.2,331.76,336.08,10.46,3505.86
2015-11-27,BTCEUR,335.73,343.37,327.21,339.2,69.43,23274.02
2015-11-26,BTCEUR,309.8,346.54,309.8,335.73,263.63,85594.38
2015-11-25,BTCEUR,300.91,312,298.55,309.8,492.83,150223.03
2015-11-24,BTCEUR,303.83,304.14,300.9,300.91,41.48,12549.98
2015-11-23,BTCEUR,303.23,306.2,303.21,303.83,36.57,11142.89
2015-11-22,BTCEUR,305.89,306.44,302.02,303.23,25.69,7806.85
2015-11-21,BTCEUR,300.89,308.4,300.89,305.89,131.68,40001.34
2015-11-20,BTCEUR,303,303.46,292.5,301.24,47.45,14194.37
2015-11-19,BTCEUR,314.14,314.14,303,303,43.47,13364.89
2015-11-18,BTCEUR,315.41,315.99,310.34,315.4,8.04,2520.38
2015-11-17,BTCEUR,309.23,315.98,308.75,315.41,78.39,24584.79
2015-11-16,BTCEUR,302.57,312.43,297.01,309.23,86.4,26486.99
2015-11-15,BTCEUR,310,311.86,300,302.57,374.45,114087.67
2015-11-14,BTCEUR,313.77,313.95,306.93,310,92.73,28870.74
2015-11-13,BTCEUR,307,315.23,304.51,313.77,86.58,26795.32
2015-11-12,BTCEUR,287.81,308.27,287.81,307,875.91,264719.23
2015-11-11,BTCEUR,311.11,316.49,280,287.81,183.0,53786.84
2015-11-10,BTCEUR,353.89,354.88,303.2,311.11,143.06,47316.51
2015-11-09,BTCEUR,347.88,356.02,340,353.89,82.7,28773.22
2015-11-08,BTCEUR,360.43,361.47,343.01,347.88,56.42,19866.06
2015-11-07,BTCEUR,351.83,364.46,347.55,360.43,70.06,25179.33
2015-11-06,BTCEUR,352.06,367,328.48,351.83,140.94,49102.27
2015-11-05,BTCEUR,366.88,411.78,320,352.06,307.29,114064.66
2015-11-04,BTCEUR,363.28,458.52,351,366.88,1630.66,690279.89
2015-11-03,BTCEUR,330.4,378,328.23,363.28,506.81,183429.65
2015-11-02,BTCEUR,299.99,332.99,287.24,330.4,177.15,54556.83
2015-11-01,BTCEUR,285,299.99,279.7,299.99,57.56,16600.71
2015-10-31,BTCEUR,300.14,303.6,281.71,285,7564.97,2210044.48
2015-10-30,BTCEUR,287.29,306.17,287.29,300.14,324.8,95727.04
2015-10-29,BTCEUR,277.6,292.33,277.6,287.29,211.26,60214.45
2015-10-28,BTCEUR,266.53,277.6,266.53,277.6,698.92,190532.54
2015-10-27,BTCEUR,258,267.95,257.99,266.53,289.1,75797.54
2015-10-26,BTCEUR,261.08,261.08,256.49,258,37.58,9676.94
2015-10-25,BTCEUR,254.39,266.51,251.16,261.08,575.07,147900.15
2015-10-24,BTCEUR,250.33,254.39,250.28,254.39,178.85,45044.23
2015-10-23,BTCEUR,246.8,250.5,246.65,250.33,78.92,19675.85
2015-10-22,BTCEUR,236.32,247.12,236.13,246.8,225.22,54350.1
2015-10-21,BTCEUR,237.54,238.12,233.98,236.32,128.87,30436.23
2015-10-20,BTCEUR,234.56,238.7,233.49,237.54,139.28,32962.17
2015-10-19,BTCEUR,233.97,237.52,231.66,234.56,461.13,108222.3
2015-10-18,BTCEUR,239.37,240.53,228.78,233.97,514.02,120742.06
2015-10-17,BTCEUR,231.67,243.49,231.67,239.37,1075.48,256082.66
2015-10-16,BTCEUR,224.13,239.39,224.12,231.67,756.53,174743.83
2015-10-15,BTCEUR,221.83,225.38,221.49,224.13,333.96,74805.77
2015-10-14,BTCEUR,220.19,224.26,219.5,221.83,346.56,76811.07
2015-10-13,BTCEUR,218.07,220.92,217.11,220.19,197.92,43349.77
2015-10-12,BTCEUR,219.79,219.88,216.56,218.07,235.34,51318.92
2015-10-11,BTCEUR,216.5,219.82,216.02,219.79,137.89,30007.59
2015-10-10,BTCEUR,216.87,219.27,215.63,216.5,137.08,29745.71
2015-10-09,BTCEUR,217.29,217.84,215.49,216.87,221.21,47924.47
2015-10-08,BTCEUR,217.94,219.57,216.9,217.29,365.44,79802.7
2015-10-07,BTCEUR,221,221.76,217.64,217.94,594.1,130511.86
2015-10-06,BTCEUR,214.78,221.69,214.65,221,850.45,185618.92
2015-10-05,BTCEUR,214.44,214.95,212.73,214.78,555.03,118747.36
2015-10-04,BTCEUR,214.88,215.04,213.87,214.44,309.34,66285.77
2015-10-03,BTCEUR,212.81,214.94,212.33,214.88,185.99,39832.4
2015-10-02,BTCEUR,213.62,213.85,211.2,212.81,394.86,83964.76
2015-10-01,BTCEUR,212.22,214.61,212,213.62,572.54,121965.84
2015-09-30,BTCEUR,212.06,213.46,210.59,212.22,403.15,85631.9
2015-09-29,BTCEUR,215.07,215.71,210.6,212.06,1186.96,253468.73
2015-09-28,BTCEUR,209.43,215.07,209.05,215.07,1117.4,237595.69
2015-09-27,BTCEUR,210.35,210.37,208.8,209.43,291.1,60970.41
2015-09-26,BTCEUR,211.02,211.2,209.48,210.35,238.03,50052.02
2015-09-25,BTCEUR,209.78,212.76,209.61,211.02,486.72,102943.79
2015-09-24,BTCEUR,205.92,211.18,205.88,209.78,1188.71,247412.45
2015-09-23,BTCEUR,206.61,208.21,205.9,205.92,519.6,107494.5
2015-09-22,BTCEUR,203.15,208.07,201.28,206.61,1809.54,373728.2
2015-09-21,BTCEUR,206.93,206.99,202.75,203.15,538.49,109921.51
2015-09-20,BTCEUR,207.79,208.36,205.81,206.93,226.26,46911.09
2015-09-19,BTCEUR,208.7,208.91,206,207.79,220.2,45678.62
2015-09-18,BTCEUR,206.82,208.91,203.78,208.7,227.34,46926.07
2015-09-17,BTCEUR,205.02,207.87,203.78,206.82,302.27,62139.3
2015-09-16,BTCEUR,206.16,207.57,203.3,205.02,748.83,153420.33
2015-09-15,BTCEUR,206.73,207.87,204.29,206.16,518.69,107030.28
2015-09-14,BTCEUR,206.31,208.14,202.01,206.73,502.61,103609.94
2015-09-13,BTCEUR,211.67,212.02,205.52,206.31,224.43,46563.32
2015-09-12,BTCEUR,215.59,216.06,210.56,211.67,340.92,72804.66
2015-09-11,BTCEUR,213.35,216.08,213.11,215.59,631.37,135848.87
2015-09-10,BTCEUR,213.64,216,211.87,213.35,940.48,201257.05
2015-09-09,BTCEUR,218.6,219,213.64,213.64,364.53,78537.62
2015-09-08,BTCEUR,215.23,222.5,215.13,218.6,364.28,79407.77
2015-09-07,BTCEUR,216,217.41,214.09,215.23,543.47,117197.3
2015-09-06,BTCEUR,214.89,218.82,214.87,216,213.8,46323.74
2015-09-05,BTCEUR,207.38,207.39,205.98,206.65,42.37,8756.26
2015-09-04,BTCEUR,202.64,208.45,202.64,207.38,331.15,68232.08
2015-09-03,BTCEUR,205.85,206.53,202.64,202.64,1341.23,274074.79
2015-09-02,BTCEUR,203.76,206.73,203.16,205.85,360.59,73992.94
2015-09-01,BTCEUR,206.64,208.23,202.96,203.76,1466.98,299135.82
2015-08-31,BTCEUR,202.96,208.51,201.87,206.64,354.63,72866.5
2015-08-30,BTCEUR,205.09,208.52,202.8,202.96,200.07,40892.43
2015-08-29,BTCEUR,208.88,209.22,204.08,205.09,218.89,45072.7
2015-08-28,BTCEUR,196.96,210.29,194.53,208.88,761.65,153384.69
2015-08-27,BTCEUR,199.24,201.62,196.95,196.96,549.37,109596.62
2015-08-26,BTCEUR,196.55,203.65,193.51,199.24,860.23,171785.09
2015-08-25,BTCEUR,187.1,200.44,175.43,196.55,913.38,173282.02
2015-08-24,BTCEUR,200.18,202.64,185.27,187.1,934.58,180207.15
2015-08-23,BTCEUR,203.03,204.26,198.7,200.18,718.73,144857.88
2015-08-22,BTCEUR,205.46,206.7,196.15,203.03,356.54,71628.49
2015-08-21,BTCEUR,209.97,216.29,203.91,205.46,489.52,102285.96
2015-08-20,BTCEUR,208.24,216.92,207.2,209.97,673.18,143897.93
2015-08-19,BTCEUR,230.38,262.65,202.6,208.24,524.67,113452.2
2015-08-18,BTCEUR,236.48,237.4,230.38,230.38,284.29,66455.46
2015-08-17,BTCEUR,236.99,238.89,233.97,236.48,192.26,45384.92
2015-08-16,BTCEUR,241.19,242.85,234.39,236.99,130.23,30961.25
2015-08-15,BTCEUR,243.98,244.64,241.03,241.19,250.82,60950.88
2015-08-14,BTCEUR,241.92,244.91,238.19,243.98,200.86,48652.29
2015-08-13,BTCEUR,246.38,246.38,239.94,241.92,371.93,90002.61
2015-08-12,BTCEUR,247.63,248.58,241.56,246.38,494.67,121364.65
2015-08-11,BTCEUR,242.56,254.84,240.19,247.63,303.71,74554.99
2015-08-10,BTCEUR,244.25,257,241.32,242.56,282.7,69126.24
2015-08-09,BTCEUR,245.12,246.66,240.13,244.25,145.28,35429.38
2015-08-08,BTCEUR,255.49,258,245.12,245.12,289.07,72243.05
2015-08-07,BTCEUR,255.05,258.15,253.41,255.49,230.96,59059.23
2015-08-06,BTCEUR,258.2,264.23,255,255.05,285.03,73118.58
2015-08-05,BTCEUR,259.67,261.8,257.72,258.2,290.04,75365.32
2015-08-04,BTCEUR,257.5,262.06,257.13,259.67,617.6,161337.07
2015-08-03,BTCEUR,257.13,264.07,256.37,257.5,149.3,38729.46
2015-08-02,BTCEUR,258.08,258.19,255.68,257.13,87.18,22416.48
2015-08-01,BTCEUR,261,264.3,252.34,258.08,192.06,49483.41
2015-07-31,BTCEUR,263.98,264.95,260.4,261,215.9,56648.1
2015-07-30,BTCEUR,265.21,266.49,262.1,263.98,214.85,56785.36
2015-07-29,BTCEUR,268.15,268.56,262.37,265.21,263.91,69839.03
2015-07-28,BTCEUR,265.19,268.47,264.62,268.15,120.38,32209.53
2015-07-27,BTCEUR,267.11,267.61,262.07,265.19,248.69,65890.7
2015-07-26,BTCEUR,263.56,268.06,262.77,267.11,161.97,43109.79
2015-07-25,BTCEUR,263.72,265.88,261.65,263.56,139.63,36885.06
2015-07-24,BTCEUR,252.41,265.49,251.8,263.72,316.03,81945.06
2015-07-23,BTCEUR,254.12,255.31,251.47,252.41,276.09,69838.69
2015-07-22,BTCEUR,253.31,255.63,252,254.12,256.03,64917.25
2015-07-21,BTCEUR,257.46,260.03,253.31,253.31,373.85,96110.22
2015-07-20,BTCEUR,256.07,265.9,252.71,257.46,262.73,68303.39
2015-07-19,BTCEUR,256.43,259.04,252.53,256.07,210.91,54055.71
2015-07-18,BTCEUR,259.04,262.26,255.5,256.43,218.51,56376.25
2015-07-17,BTCEUR,255.59,259.69,250.21,259.04,375.17,95756.05
2015-07-16,BTCEUR,260.78,267.55,252.81,255.59,499.79,129514.2
2015-07-15,BTCEUR,261.59,267.74,260.78,260.78,430.54,114249.55
2015-07-14,BTCEUR,265.31,270.45,261.5,261.59,513.01,136144.34
2015-07-13,BTCEUR,281.25,281.25,253.02,265.31,842.13,221523.19
2015-07-12,BTCEUR,264.65,284.3,264.07,281.25,798.55,221249.89
2015-07-11,BTCEUR,255.72,268,255.31,264.65,363.58,95437.74
2015-07-10,BTCEUR,243.47,265.09,243.01,255.72,790.47,202040.35
2015-07-09,BTCEUR,244.1,247.18,240.56,244.64,620.57,151623.34
2015-07-08,BTCEUR,242.99,248.1,240.43,244.1,478.29,116955.23
2015-07-07,BTCEUR,244.79,248.05,241.03,242.99,548.8,134086.46
2015-07-06,BTCEUR,233.28,252.2,233.06,244.79,463.23,114558.5
2015-07-05,BTCEUR,233.15,242.48,231.55,233.28,467.2,110319.46
2015-07-04,BTCEUR,231.1,233.16,229.22,233.15,119.58,27735.4
2015-07-03,BTCEUR,230.57,232.14,227.58,231.1,255.28,58587.21
2015-07-02,BTCEUR,233.77,235.99,229.01,230.57,436.83,101231.33
2015-07-01,BTCEUR,238.31,238.41,228.21,233.77,617.65,144146.07
2015-06-30,BTCEUR,229.69,241.6,228.72,238.31,492.38,116423.91
2015-06-29,BTCEUR,227.11,231.34,225.3,229.53,353.72,80588.08
2015-06-28,BTCEUR,225.69,227.46,223.05,227.11,249.21,56186.12
2015-06-27,BTCEUR,216.89,225.69,216.89,225.69,233.99,51678.02
2015-06-26,BTCEUR,216.1,217.5,213.9,216.89,162.65,35175.04
2015-06-25,BTCEUR,215.18,217.35,214.23,216.1,198.91,42941.55
2015-06-24,BTCEUR,218.26,218.88,214.7,215.18,167.6,36269.55
2015-06-23,BTCEUR,218.21,219.91,216.62,218.26,272.69,59614.12
2015-06-22,BTCEUR,215.3,218.94,214.9,218.21,350.0,75946.07
2015-06-21,BTCEUR,217.33,217.33,213.46,215.3,117.93,25399.67
2015-06-20,BTCEUR,217.37,217.37,217.33,217.33,1.34,292.14
2015-06-19,BTCEUR,218.88,222.16,217.25,217.25,256.29,56419.9
2015-06-18,BTCEUR,218.63,222,214.1,218.88,326.51,71393.54
2015-06-17,BTCEUR,223.36,229.69,218,218.63,434.81,97494.02
2015-06-16,BTCEUR,210.39,224.15,208.5,223.36,394.93,85362.47
2015-06-15,BTCEUR,207.76,211.29,207.36,210.39,285.95,59950.68
2015-06-14,BTCEUR,207.19,208.75,206.88,207.76,62.31,12947.52
2015-06-13,BTCEUR,204.28,207.02,203.75,206.73,63.09,12919.81
2015-06-12,BTCEUR,204.03,206.86,203.46,204.28,222.4,45551.74
2015-06-11,BTCEUR,201.84,205.17,201.84,204.03,152.26,31047.86
2015-06-10,BTCEUR,204.03,204.03,201.5,201.84,93.24,18896.83
2015-06-09,BTCEUR,202.91,206.14,201.9,204.03,134.86,27528.72
2015-06-08,BTCEUR,202.48,204.03,200.95,202.91,93.18,18853.71
2015-06-07,BTCEUR,202.87,203.26,201.05,202.48,26.73,5411.48
2015-06-06,BTCEUR,203.01,203.84,202.05,202.87,93.01,18852.72
2015-06-05,BTCEUR,201.03,203.78,199.17,203.01,133.31,26891.02
2015-06-04,BTCEUR,202.98,203.9,199.99,201.03,102.67,20757.94
2015-06-03,BTCEUR,202.76,203.58,202.03,202.98,56.88,11537.73
2015-06-02,BTCEUR,204.13,208.99,201.78,202.76,77.0,15718.04
2015-06-01,BTCEUR,210,212.99,202.55,204.13,111.23,23197.14
2015-05-31,BTCEUR,213.12,214.6,210,210,63.25,13454.25
2015-05-30,BTCEUR,215.79,215.8,211.85,213.12,26.96,5751.42
2015-05-29,BTCEUR,216.16,216.61,214.7,215.79,81.02,17468.87
2015-05-28,BTCEUR,217.41,218.05,212.85,216.16,165.71,35931.73
2015-05-27,BTCEUR,217.2,219.6,212.13,217.41,207.3,45173.3
2015-05-26,BTCEUR,216,218.97,214.59,217.2,292.52,63670.35
2015-05-25,BTCEUR,218.95,219.86,215.16,216,167.76,36352.89
2015-05-24,BTCEUR,216.91,220.03,210.08,218.95,150.1,32709.31
2015-05-23,BTCEUR,215.93,218.71,215.01,216.91,168.19,36539.56
2015-05-22,BTCEUR,212.33,219.18,210.24,215.93,160.59,34344.95
2015-05-21,BTCEUR,211,213.34,210.36,212.33,188.11,39835.07
2015-05-20,BTCEUR,208.44,211.89,208.19,211,174.05,36646.24
2015-05-19,BTCEUR,209.06,211.89,206.84,208.44,142.82,29845.21
2015-05-18,BTCEUR,207.27,209.06,206.83,209.06,155.93,32458.48
2015-05-17,BTCEUR,208.29,209.38,207.1,207.27,88.28,18360.23
2015-05-16,BTCEUR,208.31,209.06,206.89,208.29,48.72,10147.39
2015-05-15,BTCEUR,207.93,209.51,207.62,208.31,125.7,26166.01
2015-05-14,BTCEUR,209.78,209.83,204.94,207.93,148.31,30841.8
2015-05-13,BTCEUR,216.47,217.45,208.53,209.78,111.74,24000.24
2015-05-12,BTCEUR,217.11,218.5,214.16,216.47,127.27,27476.47
2015-05-11,BTCEUR,215.67,219.15,214.67,217.11,145.97,31680.01
2015-05-10,BTCEUR,217.02,218.44,213.95,215.67,86.2,18625.91
2015-05-09,BTCEUR,217.61,220,213.84,217.02,108.73,23528.87
2015-05-08,BTCEUR,211.28,219.94,207.26,217.61,205.23,43750.9
2015-05-07,BTCEUR,203.9,211.64,201.24,211.28,233.92,48155.21
2015-05-06,BTCEUR,215.85,224.44,202.4,203.9,246.49,53023.01
2015-05-05,BTCEUR,215.24,223.71,209.54,215.85,303.12,65515.4
2015-05-04,BTCEUR,214.7,217.68,213.77,215.24,194.14,41913.16
2015-05-03,BTCEUR,211.02,216.22,209.41,214.7,120.49,25731.15
2015-05-02,BTCEUR,209.23,211.35,208.3,211.02,53.17,11182.12
2015-05-01,BTCEUR,211.52,212.45,208.34,209.23,112.18,23550.7
2015-04-30,BTCEUR,203.65,212.91,202.48,211.52,258.61,53668.43
2015-04-29,BTCEUR,204.3,204.84,203.3,203.65,49.54,10119.92
