date,symbol,open,high,low,close,volume,volume To
2018-10-03,ETHEUR,195.3,195.3,186.26,190.3,15630.55,2970376.7
2018-10-02,ETHEUR,199.66,199.95,192.79,195.3,9289.34,1826886.78
2018-10-01,ETHEUR,200.32,202.56,193.4,199.66,12658.07,2504354.05
2018-09-30,ETHEUR,199.8,205.84,194.86,200.32,11994.99,2410772.08
2018-09-29,ETHEUR,191.32,203.61,183.93,199.8,16644.66,3286293.27
2018-09-28,ETHEUR,196.79,200.78,185.62,191.32,19136.85,3711311.76
2018-09-27,ETHEUR,182.71,201.79,180.65,196.79,24406.34,4663195.94
2018-09-26,ETHEUR,186.85,189.9,177,182.71,18214.79,3361120.77
2018-09-25,ETHEUR,194.61,194.61,173.1,186.85,31246.0,5678905.58
2018-09-24,ETHEUR,208.81,209.7,191.75,194.61,18352.32,3668972.42
2018-09-23,ETHEUR,204.86,211.84,202.46,208.81,10358.81,2152735.44
2018-09-22,ETHEUR,211.93,217,198,204.86,16139.6,3298685.35
2018-09-21,ETHEUR,191.17,215.6,188.01,211.93,36825.31,7335762.41
2018-09-20,ETHEUR,179.98,193.24,176.22,191.17,17399.02,3156495.17
2018-09-19,ETHEUR,179.18,184,169.21,179.98,18877.86,3356309.57
2018-09-18,ETHEUR,168.85,184.19,166.68,179.18,20612.62,3639142.61
2018-09-17,ETHEUR,189.27,193.46,164.49,168.85,30682.68,5468479.43
2018-09-16,ETHEUR,192.04,193.21,180.1,189.27,11586.44,2181290.73
2018-09-15,ETHEUR,180.79,198.47,179.98,192.04,14142.89,2703535.05
2018-09-14,ETHEUR,180.64,192.3,173.42,180.79,37756.3,6876307.82
2018-09-13,ETHEUR,157.78,184.27,157.78,180.64,51373.96,8839989.28
2018-09-12,ETHEUR,159.99,159.99,144.44,157.78,40438.48,6081873.2
2018-09-11,ETHEUR,169.96,172.63,151.5,159.99,25553.45,4106634.93
2018-09-10,ETHEUR,169.1,175.42,161.16,169.96,17786.35,2994788.89
2018-09-09,ETHEUR,171.12,181,161.73,169.1,20076.47,3455350.48
2018-09-08,ETHEUR,186.9,191.28,166,171.12,18728.81,3307104.51
2018-09-07,ETHEUR,197.46,201.49,185.01,186.9,16139.66,3098376.66
2018-09-06,ETHEUR,196.72,200.16,182.21,197.46,27522.42,5345363.27
2018-09-05,ETHEUR,247.03,248.29,194.54,196.72,37097.65,8122858.02
2018-09-04,ETHEUR,248.81,253,244.57,247.03,10777.81,2677850.41
2018-09-03,ETHEUR,254.61,255.87,246.3,248.81,10358.15,2584128.18
2018-09-02,ETHEUR,254.62,257.66,250.01,254.61,5922.53,1503557.97
2018-09-01,ETHEUR,242.79,260.24,242.75,254.62,9064.37,2287342.19
2018-08-31,ETHEUR,244,245,238.09,242.79,8889.27,2147836.41
2018-08-30,ETHEUR,246.81,249.07,233.94,244,11567.75,2775143.84
2018-08-29,ETHEUR,253.68,254.81,243.5,246.81,11780.06,2944735.96
2018-08-28,ETHEUR,247.3,255,242.8,253.68,14572.69,3611392.22
2018-08-27,ETHEUR,236.34,247.3,234.12,247.3,8811.67,2105164.44
2018-08-26,ETHEUR,239.82,239.82,233,236.34,4075.03,961208.89
2018-08-25,ETHEUR,242.78,243.94,238.51,239.82,3520.59,847486.08
2018-08-24,ETHEUR,239.73,243.95,233.47,242.78,8306.17,1978814.16
2018-08-23,ETHEUR,234.16,243.68,232.44,239.73,9351.15,2218666.16
2018-08-22,ETHEUR,243.13,258.88,225.2,234.16,14878.73,3586637.96
2018-08-21,ETHEUR,236.98,248.92,235.11,243.13,10788.54,2609601.86
2018-08-20,ETHEUR,261.85,265.94,234.91,236.98,12620.79,3164981.1
2018-08-19,ETHEUR,259.79,269.31,255.1,261.85,5232.83,1371345.41
2018-08-18,ETHEUR,278.97,280.98,247.99,259.79,10517.03,2785542.19
2018-08-17,ETHEUR,253.7,279.87,251.72,278.97,17891.96,4755010.53
2018-08-16,ETHEUR,248.03,264.22,244.99,253.7,13322.23,3402315.9
2018-08-15,ETHEUR,246.37,272,244.14,248.03,27325.12,7012051.25
2018-08-14,ETHEUR,249.58,249.58,219.13,246.37,45644.47,10596651.78
2018-08-13,ETHEUR,279.81,283.41,247,249.58,22548.37,5919717.08
2018-08-12,ETHEUR,275.75,275.75,275.75,275.75,0.0,0.0
2018-08-11,ETHEUR,291.45,292.2,275.1,275.75,6800.77,1906591.08
2018-08-10,ETHEUR,316.67,318.62,285.81,291.45,14761.38,4507985.39
2018-08-09,ETHEUR,307.3,322.31,304.01,316.67,14828.94,4640556.47
2018-08-08,ETHEUR,326.46,328.64,302.39,307.3,18364.77,5763749.43
2018-08-07,ETHEUR,351.03,354.96,317.97,326.46,10711.66,3649210.72
2018-08-06,ETHEUR,354.69,357.1,347.2,351.03,5938.68,2089778.33
2018-08-05,ETHEUR,351.6,357.71,347.48,354.69,3525.49,1242000.67
2018-08-04,ETHEUR,361.12,363.38,346.06,351.6,6694.96,2360097.65
2018-08-03,ETHEUR,355.16,362.97,343.45,361.12,7444.04,2633492.88
2018-08-02,ETHEUR,359.8,363.98,351.33,355.16,7143.43,2546932.76
2018-08-01,ETHEUR,369.86,372,351,359.8,11659.11,4198509.52
2018-07-31,ETHEUR,390.19,390.72,366.23,369.86,11421.31,4267224.14
2018-07-30,ETHEUR,400.8,402.92,380.27,390.19,6875.69,2689407.1
2018-07-29,ETHEUR,401.14,403.78,397.44,400.8,2770.73,1108055.63
2018-07-28,ETHEUR,403.73,405.68,397.8,401.14,2185.96,877181.72
2018-07-27,ETHEUR,397.81,407.05,392.4,403.73,6225.07,2482612.69
2018-07-26,ETHEUR,402.59,413.71,395.05,397.81,8335.49,3394815.55
2018-07-25,ETHEUR,411.65,415.97,397.15,402.59,8495.36,3445311.28
2018-07-24,ETHEUR,385,414.14,385,411.65,11515.39,4650740.49
2018-07-23,ETHEUR,391.25,401.9,383.1,385,7567.64,2973213.92
2018-07-22,ETHEUR,395.4,401.57,388.5,391.25,3962.46,1567953.29
2018-07-21,ETHEUR,383,408.3,376.76,395.4,6312.08,2505119.7
2018-07-20,ETHEUR,402.52,403.33,377,383,9529.85,3736046.27
2018-07-19,ETHEUR,411.16,417.74,395.9,402.52,8479.42,3456989.46
2018-07-18,ETHEUR,427.55,439.99,402.01,411.16,14217.48,6012312.73
2018-07-17,ETHEUR,408.48,438.37,397.13,427.55,16078.15,6737007.29
2018-07-16,ETHEUR,385.4,409.66,381.35,408.48,10128.45,4052836.85
2018-07-15,ETHEUR,372.58,388.89,370.58,385.4,3855.1,1472413.32
2018-07-14,ETHEUR,370.99,377.5,368.8,372.58,2881.27,1074374.57
2018-07-13,ETHEUR,370.55,380,365.13,370.99,5874.43,2201564.51
2018-07-12,ETHEUR,382.12,382.15,360,370.55,7034.73,2604566.81
2018-07-11,ETHEUR,370.31,383.1,363.6,382.12,6051.21,2266996.04
2018-07-10,ETHEUR,401.57,402.95,365.12,370.31,11219.9,4269645.06
2018-07-09,ETHEUR,414.07,415.38,400,401.57,5705.38,2326145.05
2018-07-08,ETHEUR,411.34,420,410.95,414.07,4652.08,1931098.08
2018-07-07,ETHEUR,401.01,411.34,395.1,411.34,2495.31,999086.4
2018-07-06,ETHEUR,400.85,404,387.12,401.01,4784.65,1896205.33
2018-07-05,ETHEUR,401.4,410,393.4,400.85,4638.05,1863184.19
2018-07-04,ETHEUR,397.45,414.85,386.7,401.4,5669.37,2284974.66
2018-07-03,ETHEUR,409.09,418.9,394.61,397.45,7351.84,2971669.24
2018-07-02,ETHEUR,387.24,414.87,381.89,409.09,8024.1,3228591.14
2018-07-01,ETHEUR,388.01,389.92,380.69,387.24,2113.43,816942.5
2018-06-30,ETHEUR,373.59,393.65,371.54,388.01,4978.34,1914014.76
2018-06-29,ETHEUR,365,377.21,348,373.59,10197.19,3655068.82
2018-06-28,ETHEUR,381.77,383.91,361.1,365,4755.01,1773462.27
2018-06-27,ETHEUR,369.14,387,362.28,381.77,4944.23,1843379.79
2018-06-26,ETHEUR,392.24,395.37,368.46,369.14,7236.01,2758301.0
2018-06-25,ETHEUR,391.79,406.94,382.36,392.24,6053.81,2392658.43
2018-06-24,ETHEUR,407.99,408.95,362.89,391.79,10564.06,4052123.74
2018-06-23,ETHEUR,397.71,414.58,392.98,407.99,3230.2,1312387.89
2018-06-22,ETHEUR,452.36,453.61,386.01,397.71,13806.56,5687268.64
2018-06-21,ETHEUR,462.24,470.58,450.59,452.36,5220.12,2404613.59
2018-06-20,ETHEUR,464.8,468.9,447.49,462.24,5302.37,2427129.8
2018-06-19,ETHEUR,444.84,474.6,443.37,464.8,6844.2,3152475.28
2018-06-18,ETHEUR,427.7,452.02,421.03,444.84,5640.16,2470097.7
2018-06-17,ETHEUR,429.67,437.62,425.54,427.7,3067.78,1319189.04
2018-06-16,ETHEUR,420.49,434.41,418.51,429.67,2897.95,1235889.89
2018-06-15,ETHEUR,448.98,450.05,417.22,420.49,7608.09,3274366.94
2018-06-14,ETHEUR,403.48,454.98,396.46,448.98,14170.2,6056475.3
2018-06-13,ETHEUR,421,427.52,383,403.48,14646.13,5892296.41
2018-06-12,ETHEUR,452.89,458.51,413.51,421,10253.01,4454379.79
2018-06-11,ETHEUR,446.98,456.49,435,452.89,6898.45,3076605.11
2018-06-10,ETHEUR,506.39,506.39,431,446.98,13588.12,6311185.85
2018-06-09,ETHEUR,509,515.6,506.39,506.39,1419.68,727133.52
2018-06-08,ETHEUR,513,515.97,505.73,509,2623.73,1339292.78
2018-06-07,ETHEUR,514.99,522,510,513,4330.49,2229197.57
2018-06-06,ETHEUR,518.76,520.99,505.7,514.99,4772.12,2448447.98
2018-06-05,ETHEUR,506.54,524.49,493.33,518.76,5684.27,2907466.42
2018-06-04,ETHEUR,530.68,536.13,496.22,506.54,6575.89,3354612.28
2018-06-03,ETHEUR,506.61,539.94,506.55,530.68,5288.18,2797244.52
2018-06-02,ETHEUR,496.68,514,492.71,506.61,3694.98,1870359.27
2018-06-01,ETHEUR,493.78,504.63,482.7,496.68,4576.44,2263426.23
2018-05-31,ETHEUR,478.85,502,473.43,493.78,6734.52,3311981.12
2018-05-30,ETHEUR,490.23,507,464.5,478.85,7682.34,3709890.83
2018-05-29,ETHEUR,439.81,496.72,439.81,490.23,11114.56,5315787.99
2018-05-28,ETHEUR,488.67,499.01,435.45,439.81,10384.79,4735204.23
2018-05-27,ETHEUR,502.41,509.02,477.74,488.67,5172.53,2539719.07
2018-05-26,ETHEUR,501.09,519,496.01,502.41,3497.58,1789136.37
2018-05-25,ETHEUR,512.91,528.45,490.25,501.09,7215.86,3677005.46
2018-05-24,ETHEUR,495,521.58,465,512.91,13734.86,6782783.27
2018-05-23,ETHEUR,544.64,551.7,480.34,495,19849.05,10208306.93
2018-05-22,ETHEUR,593.12,593.12,542.87,544.64,8534.49,4844038.14
2018-05-21,ETHEUR,608.33,613.11,586.16,593.12,4737.44,2837180.96
2018-05-20,ETHEUR,590.9,613.1,585.31,608.33,4086.17,2476025.83
2018-05-19,ETHEUR,589.1,609,580,590.9,5183.57,3076647.56
2018-05-18,ETHEUR,569.44,589.11,558,589.1,7307.6,4210407.3
2018-05-17,ETHEUR,598.99,606.58,562.5,569.44,7357.76,4316727.33
2018-05-16,ETHEUR,598.01,607.49,575.1,598.99,6897.34,4059447.88
2018-05-15,ETHEUR,611,619.39,588,598.01,8435.62,5123178.14
2018-05-14,ETHEUR,612.37,624.9,573.3,611,16387.97,9841191.65
2018-05-13,ETHEUR,572.44,619.9,563,612.37,8109.61,4862879.98
2018-05-12,ETHEUR,566.49,578,535,572.44,11417.41,6359789.68
2018-05-11,ETHEUR,608.5,618.03,550.51,566.49,21283.72,12287142.84
2018-05-10,ETHEUR,633,646.9,608.28,608.5,8945.97,5638282.11
2018-05-09,ETHEUR,630.52,639.06,601,633,8705.15,5425631.74
2018-05-08,ETHEUR,631.39,651.5,605.52,630.52,11202.03,7025737.95
2018-05-07,ETHEUR,659.2,661.53,585,631.39,24918.62,15333987.87
2018-05-06,ETHEUR,679.66,692.49,624,659.2,13268.61,8652892.58
2018-05-05,ETHEUR,653.49,687.89,650.74,679.66,9759.85,6589529.52
2018-05-04,ETHEUR,648.75,674,632.63,653.49,16216.75,10613314.99
2018-05-03,ETHEUR,573.79,655,572.34,648.75,21255.23,13114296.67
2018-05-02,ETHEUR,559.16,574.9,552.14,573.79,8634.75,4886713.23
2018-05-01,ETHEUR,554.9,561.3,519.96,559.16,10354.47,5624630.07
2018-04-30,ETHEUR,569.2,572.49,547,554.9,7981.44,4495521.01
2018-04-29,ETHEUR,562.96,574.9,550.1,569.2,6098.07,3425200.51
2018-04-28,ETHEUR,529.79,569.61,528,562.96,5864.08,3278583.13
2018-04-27,ETHEUR,547.46,570,527.43,529.79,12584.72,6922410.24
2018-04-26,ETHEUR,507.55,552.34,493,547.46,15070.53,7873748.61
2018-04-25,ETHEUR,576.63,576.85,489.12,507.55,36854.24,19183530.72
2018-04-24,ETHEUR,526.98,584,526.97,576.63,18580.68,10501216.15
2018-04-23,ETHEUR,504.99,529.59,504,526.98,8618.07,4499656.15
2018-04-22,ETHEUR,491.6,523.45,483,504.99,9393.88,4787642.79
2018-04-21,ETHEUR,503.52,510,466,491.6,12494.43,6104042.48
2018-04-20,ETHEUR,460.38,506.88,451.8,503.52,12242.44,5820022.55
2018-04-19,ETHEUR,423.96,462,419.06,460.38,10314.37,4558750.56
2018-04-18,ETHEUR,406.77,424.87,406.66,423.96,5420.13,2260980.61
2018-04-17,ETHEUR,412.81,420.99,405,406.77,5504.57,2278061.72
2018-04-16,ETHEUR,432.75,436.97,403,412.81,9860.45,4077592.33
2018-04-15,ETHEUR,409.1,433.8,408.79,432.75,7504.22,3170572.22
2018-04-14,ETHEUR,399.2,417.8,395,409.1,7245.5,2943539.7
2018-04-13,ETHEUR,401.29,429.69,391.82,399.2,23795.63,9783433.16
2018-04-12,ETHEUR,347.2,403,335,401.29,27438.72,10211956.81
2018-04-11,ETHEUR,335.72,349.8,331.96,347.2,6707.79,2277138.89
2018-04-10,ETHEUR,323.3,338.6,319,335.72,5921.5,1940328.48
2018-04-09,ETHEUR,325.5,352.61,315,323.3,15258.4,5073691.37
2018-04-08,ETHEUR,313.45,328.99,313.45,325.5,3839.63,1240105.62
2018-04-07,ETHEUR,302.02,320,302,313.45,3600.9,1128745.24
2018-04-06,ETHEUR,311.65,314,297.15,302.02,7717.78,2329978.09
2018-04-05,ETHEUR,308.88,317.31,300.2,311.65,6176.07,1908106.68
2018-04-04,ETHEUR,339.48,339.55,302.23,308.88,12305.11,3889152.57
2018-04-03,ETHEUR,311.96,344.38,309.02,339.48,11980.89,3965908.57
2018-04-02,ETHEUR,307.86,319.97,304.32,311.96,5585.65,1750677.68
2018-04-01,ETHEUR,320.76,323.61,291.06,307.86,12972.8,3959048.3
2018-03-31,ETHEUR,319.2,350,316.06,320.76,9589.92,3136711.07
2018-03-30,ETHEUR,311.2,334.36,296.04,319.2,17444.69,5439323.04
2018-03-29,ETHEUR,362.96,363.99,308.77,311.2,25197.22,8331431.9
2018-03-28,ETHEUR,361.59,375.2,356.71,362.96,6981.75,2557786.08
2018-03-27,ETHEUR,392.37,395.21,360.28,361.59,10533.43,3920517.61
2018-03-26,ETHEUR,424.72,426.62,376.6,392.37,14917.08,5869880.23
2018-03-25,ETHEUR,422.54,434.96,418,424.72,3237.05,1375683.73
2018-03-24,ETHEUR,438.65,440.37,422.54,422.54,3412.15,1478581.36
2018-03-23,ETHEUR,437.69,438.99,412.42,438.65,7395.1,3130006.79
2018-03-22,ETHEUR,454.48,466.47,422.12,437.69,7236.33,3173716.97
2018-03-21,ETHEUR,456,486,445.01,454.48,10752.72,5015314.26
2018-03-20,ETHEUR,448.93,464.87,419,456,11725.79,5207835.0
2018-03-19,ETHEUR,439.46,459,421.02,448.93,15830.95,6975885.02
2018-03-18,ETHEUR,446.08,459.39,369.8,439.46,41384.42,16972286.15
2018-03-17,ETHEUR,490.3,495.99,439.99,446.08,9234.08,4293043.18
2018-03-16,ETHEUR,495.83,510,475.83,490.3,6134.78,3043989.27
2018-03-15,ETHEUR,496.86,505.66,463.57,495.83,10082.35,4923021.71
2018-03-14,ETHEUR,557.46,565.18,475,496.86,15270.96,7769815.63
2018-03-13,ETHEUR,565.7,578,551.3,557.46,4235.38,2382090.54
2018-03-12,ETHEUR,583.35,603.09,551.71,565.7,5872.01,3392347.97
2018-03-11,ETHEUR,556.24,595.7,542,583.35,6051.7,3457041.68
2018-03-10,ETHEUR,590.03,609.5,551,556.24,6731.46,3949526.65
2018-03-09,ETHEUR,570.57,593.62,520,590.03,14386.99,7969788.61
2018-03-08,ETHEUR,608,632.78,561,570.57,9118.0,5424937.73
2018-03-07,ETHEUR,658.18,664.34,585.2,608,12784.96,7878493.43
2018-03-06,ETHEUR,691.27,691.27,651.5,658.18,6082.22,4083939.5
2018-03-05,ETHEUR,699,700,691.27,691.27,3099.41,2162352.62
2018-03-04,ETHEUR,690.42,699,681.39,699,2153.77,1489429.12
2018-03-03,ETHEUR,694.3,704.35,686.11,690.42,2853.55,1988906.33
2018-03-02,ETHEUR,710,714.16,688.05,694.3,3864.86,2711772.55
2018-03-01,ETHEUR,697.51,716.6,696.58,710,3064.58,2177945.87
2018-02-28,ETHEUR,715.6,724.89,696.56,697.51,4772.73,3395471.62
2018-02-27,ETHEUR,704.24,727.52,702,715.6,5396.35,3872734.83
2018-02-26,ETHEUR,685.46,714.54,680,704.24,6600.54,4631494.82
2018-02-25,ETHEUR,679.07,692.61,666.66,685.46,4253.12,2897560.59
2018-02-24,ETHEUR,699.37,711.12,661,679.07,5253.23,3580336.12
2018-02-23,ETHEUR,655,719.98,641.28,699.37,11468.48,7944639.3
2018-02-22,ETHEUR,687.38,710,641,655,11487.36,7665132.26
2018-02-21,ETHEUR,721.35,738.5,663,687.38,14479.69,10082814.73
2018-02-20,ETHEUR,759.64,775.55,712,721.35,11991.65,9030451.51
2018-02-19,ETHEUR,742.81,769.98,741.46,759.64,4783.06,3642415.37
2018-02-18,ETHEUR,790.98,795,733.29,742.81,10846.39,8229478.58
2018-02-17,ETHEUR,757.4,792.19,754.36,790.98,7430.43,5794321.9
2018-02-16,ETHEUR,750.55,759.44,732.96,757.4,6641.95,4967028.16
2018-02-15,ETHEUR,743.38,769.71,721.47,750.55,18002.23,13486345.61
2018-02-14,ETHEUR,684.38,745,681.15,743.38,20931.75,15081870.25
2018-02-13,ETHEUR,701.42,702.86,675.9,684.38,8473.62,5816995.15
2018-02-12,ETHEUR,664.59,709,661.01,701.42,10919.07,7628809.14
2018-02-11,ETHEUR,695.4,705.51,635.66,664.59,16420.46,11036411.17
2018-02-10,ETHEUR,717,748,674.01,695.4,25077.64,17821224.46
2018-02-09,ETHEUR,664.26,725,640,717,23908.13,16509292.61
2018-02-08,ETHEUR,614.31,695.14,613.06,664.26,28792.19,19082426.36
2018-02-07,ETHEUR,636,713.99,586,614.31,53132.97,35302127.47
2018-02-06,ETHEUR,550.01,657.17,450.09,636,111249.5,61808043.91
2018-02-05,ETHEUR,658.99,682.98,485,550.01,84407.56,48390989.38
2018-02-04,ETHEUR,780,784,631,658.99,30359.44,21086802.06
2018-02-03,ETHEUR,736.76,809,681.21,780,23553.29,18057796.51
2018-02-02,ETHEUR,812.01,812.01,560.27,736.76,91604.28,64686869.45
2018-02-01,ETHEUR,888,915,736,812.01,48020.99,40080397.48
2018-01-31,ETHEUR,856.04,899,826.37,888,14360.43,12519168.12
2018-01-30,ETHEUR,941.01,948.87,825,856.04,30970.62,27439279.65
2018-01-29,ETHEUR,982.27,987.42,930.5,941.01,13723.4,13055951.6
2018-01-28,ETHEUR,885,993.09,882.84,982.27,22954.67,21878616.62
2018-01-27,ETHEUR,847.99,895.5,840.02,885,11879.8,10357051.5
2018-01-26,ETHEUR,847.6,863.52,803.28,847.99,17098.33,14256098.95
2018-01-25,ETHEUR,856.09,879.8,828,847.6,14582.0,12472162.75
2018-01-24,ETHEUR,806.54,859.5,785.89,856.09,13612.31,11322027.29
2018-01-23,ETHEUR,827,839.95,752,806.54,21800.29,17423297.95
2018-01-22,ETHEUR,867,900.08,752.64,827,31300.34,25770733.41
2018-01-21,ETHEUR,953.39,953.69,842.86,867,21464.82,19134813.85
2018-01-20,ETHEUR,866.81,958.74,866.8,953.39,16613.83,15364280.75
2018-01-19,ETHEUR,865.52,913.97,841,866.81,17660.6,15516228.39
2018-01-18,ETHEUR,845.43,939.99,790,865.52,43358.48,38130990.37
2018-01-17,ETHEUR,872,935.09,602.32,845.43,110223.33,83798855.59
2018-01-16,ETHEUR,1059.44,1065.17,680.9,872,94117.08,82986039.97
2018-01-15,ETHEUR,1125.99,1146.66,1057.95,1059.44,14326.44,15626972.03
2018-01-14,ETHEUR,1143.9,1148.78,1065.99,1125.99,13997.45,15455228.92
2018-01-13,ETHEUR,1052,1183,1051.99,1143.9,20090.45,22714555.47
2018-01-12,ETHEUR,962,1067.8,921,1052,16387.92,16753408.14
2018-01-11,ETHEUR,1039.4,1110,930,962,31146.62,31449758.1
2018-01-10,ETHEUR,1088,1154,1011,1039.4,39357.35,43197927.63
2018-01-09,ETHEUR,967.16,1098.5,964.79,1088,35098.63,36165541.81
2018-01-08,ETHEUR,915,997.56,827.94,967.16,42570.45,39966300.1
2018-01-07,ETHEUR,837.89,918,831,915,18768.32,16696256.63
2018-01-06,ETHEUR,818.02,842.99,800.99,837.89,8459.41,7019945.17
2018-01-05,ETHEUR,810.99,865,789,818.02,22749.04,18841423.28
2018-01-04,ETHEUR,808,860.23,786.77,810.99,30608.58,25268899.14
2018-01-03,ETHEUR,735,819.06,725.03,808,24820.44,19263134.55
2018-01-02,ETHEUR,664.63,765,664,735,31493.38,23136310.14
2018-01-01,ETHEUR,648.25,668.15,631.56,664.63,8827.69,5778044.78
2017-12-31,ETHEUR,616.12,658.75,605.01,648.25,12477.23,7900722.63
2017-12-30,ETHEUR,655.88,656.97,585.01,616.12,15626.69,9825949.82
2017-12-29,ETHEUR,634,662.43,631.1,655.88,12715.13,8271012.51
2017-12-28,ETHEUR,648.49,649.49,620.5,634,15299.55,9705576.81
2017-12-27,ETHEUR,644.53,662.79,630.01,648.49,12833.89,8315622.72
2017-12-26,ETHEUR,643.47,655,627.25,644.53,8098.38,5191197.12
2017-12-25,ETHEUR,609.99,669.09,605.22,643.47,13558.38,8726462.33
2017-12-24,ETHEUR,644.02,644.02,545,609.99,22205.49,13076283.35
2017-12-23,ETHEUR,602.22,688.98,586.01,644.02,23565.56,15210449.61
2017-12-22,ETHEUR,672.5,679.99,381.44,602.22,88568.49,48162829.5
2017-12-21,ETHEUR,686.89,720.9,639.88,672.5,22018.68,15044978.17
2017-12-20,ETHEUR,709.83,720,605.28,686.89,31027.3,21000091.38
2017-12-19,ETHEUR,670,749,661,709.83,42838.15,30388513.19
2017-12-18,ETHEUR,616.28,679,582.01,670,29867.54,19147300.0
2017-12-17,ETHEUR,598.98,626,596,616.28,13911.73,8532354.66
2017-12-16,ETHEUR,588.69,610.96,581.65,598.98,13021.14,7775617.26
2017-12-15,ETHEUR,588,596,519,588.69,21376.75,12032706.71
2017-12-14,ETHEUR,594.98,631,551,588,33083.78,19778400.8
2017-12-13,ETHEUR,566.42,659.99,514.1,594.98,69822.66,41418289.56
2017-12-12,ETHEUR,424.58,597,414.53,566.42,79538.53,38446201.79
2017-12-11,ETHEUR,380.65,428.18,380.18,424.58,24335.63,9855699.7
2017-12-10,ETHEUR,409.78,410.41,375,380.65,17657.63,6835573.25
2017-12-09,ETHEUR,388.24,443.45,380,409.78,45924.57,19021509.51
2017-12-08,ETHEUR,362.08,413.93,357,388.24,36715.82,14430933.16
2017-12-07,ETHEUR,380.91,405.5,353.03,362.08,37500.54,14298971.82
2017-12-06,ETHEUR,393.09,396.53,375,380.91,26368.09,10257514.57
2017-12-05,ETHEUR,399.49,401.31,388.34,393.09,10909.82,4289881.91
2017-12-04,ETHEUR,398.8,403.58,395.65,399.49,5359.88,2142457.17
2017-12-03,ETHEUR,398.24,404.99,390.15,398.8,11368.71,4533986.54
2017-12-02,ETHEUR,395.46,404,392.1,398.24,8154.93,3259442.7
2017-12-01,ETHEUR,392.72,400,371.7,395.46,13243.58,5139112.55
2017-11-30,ETHEUR,375.51,401.5,351.5,392.72,31020.54,11754499.81
2017-11-29,ETHEUR,392.77,439.32,338.05,375.51,46127.67,18495473.57
2017-11-28,ETHEUR,399.02,399.9,390,392.77,9771.75,3856651.66
2017-11-27,ETHEUR,393.7,411.49,390.08,399.02,16072.86,6452032.44
2017-11-26,ETHEUR,389.85,396.03,380.11,393.7,14088.06,5452180.29
2017-11-25,ETHEUR,398.91,408.35,382.76,389.85,16547.74,6517740.23
2017-11-24,ETHEUR,348.37,406.1,341.2,398.91,33211.88,12497586.54
2017-11-23,ETHEUR,325.7,363.46,322.1,348.37,27706.16,9596874.95
2017-11-22,ETHEUR,311.48,327.59,311,325.7,8586.92,2735200.16
2017-11-21,ETHEUR,314.57,321.49,301.43,311.48,12254.45,3836584.51
2017-11-20,ETHEUR,300.72,319,300.5,314.57,8266.05,2577604.47
2017-11-19,ETHEUR,293.63,318.49,291.5,300.72,18017.82,5488935.4
2017-11-18,ETHEUR,284.9,295.9,282,293.63,6594.36,1907544.59
2017-11-17,ETHEUR,280.19,285.7,278.52,284.9,5002.57,1412255.12
2017-11-16,ETHEUR,285.07,287.4,277.7,280.19,9812.13,2758700.0
2017-11-15,ETHEUR,287.95,292.05,281.11,285.07,7866.15,2254675.7
2017-11-14,ETHEUR,273.51,291.17,273.51,287.95,11257.17,3201104.45
2017-11-13,ETHEUR,266.88,278.66,266.8,273.51,7798.55,2139755.04
2017-11-12,ETHEUR,273.9,274.9,258,266.88,10644.92,2833324.83
2017-11-11,ETHEUR,258.94,278.42,258.4,273.9,8756.03,2349700.17
2017-11-10,ETHEUR,278.03,283.53,250.31,258.94,15523.65,4102509.22
2017-11-09,ETHEUR,268.77,287,268.5,278.03,11958.86,3354441.08
2017-11-08,ETHEUR,255,278.35,254.27,268.77,13951.44,3725868.67
2017-11-07,ETHEUR,259.9,264.87,251.73,255,7637.71,1960118.99
2017-11-06,ETHEUR,258.7,266.03,253.83,259.9,6440.94,1682996.74
2017-11-05,ETHEUR,260.69,261.98,257,258.7,2759.44,713341.04
2017-11-04,ETHEUR,266.31,266.38,256.7,260.69,2691.08,703431.62
2017-11-03,ETHEUR,247.4,268.9,247.4,266.31,10401.68,2711739.01
2017-11-02,ETHEUR,253.58,253.99,240.78,247.4,9329.7,2310432.21
2017-11-01,ETHEUR,263.02,264.96,252.82,253.58,6391.72,1654187.67
2017-10-31,ETHEUR,264.66,265.99,263.02,263.02,2394.67,634858.98
2017-10-30,ETHEUR,261.16,268.7,260.51,264.66,2685.44,710565.56
2017-10-29,ETHEUR,256.27,270,256.27,261.16,3789.9,998014.09
2017-10-28,ETHEUR,258,258.1,255,256.27,1106.94,283894.55
2017-10-27,ETHEUR,255.18,258.8,255.18,258,1982.95,510087.01
2017-10-26,ETHEUR,254.95,257.09,252.25,255.18,1889.57,482349.03
2017-10-25,ETHEUR,255.87,259,250,254.95,3530.39,897270.75
2017-10-24,ETHEUR,243.22,268.51,241,255.87,10015.3,2612604.02
2017-10-23,ETHEUR,251.01,251.1,236,243.22,7369.39,1798701.55
2017-10-22,ETHEUR,255.2,263,250.2,251.01,2026.07,512347.68
2017-10-21,ETHEUR,258.27,259.43,250.5,255.2,3885.04,988773.49
2017-10-20,ETHEUR,261.81,264.8,256.53,258.27,3717.2,969779.48
2017-10-19,ETHEUR,267.99,269.69,259.13,261.81,3453.37,911079.5
2017-10-18,ETHEUR,269.76,270.35,246,267.99,8978.47,2328497.51
2017-10-17,ETHEUR,282.27,283.97,266.54,269.76,6017.82,1659421.6
2017-10-16,ETHEUR,283.7,295.89,281.24,282.27,7270.77,2095717.84
2017-10-15,ETHEUR,285.87,289,272.1,283.7,7482.34,2093593.2
2017-10-14,ETHEUR,285.08,292.66,278,285.87,5152.04,1484468.21
2017-10-13,ETHEUR,253,293.63,250.6,285.08,15255.41,4239959.96
2017-10-12,ETHEUR,256.51,259,253,253,3609.16,926873.18
2017-10-11,ETHEUR,253.49,257.13,253.49,256.51,954.09,244504.84
2017-10-10,ETHEUR,252.73,260.88,248.01,253.49,3188.07,816931.51
2017-10-09,ETHEUR,262.22,263.91,244.1,252.73,6532.74,1659595.3
2017-10-08,ETHEUR,264.78,265.98,262,262.22,1712.89,453344.08
2017-10-07,ETHEUR,262,265.93,259.5,264.78,1599.91,420680.1
2017-10-06,ETHEUR,251.73,262,251.73,262,3254.35,837244.21
2017-10-05,ETHEUR,250,253,247.1,251.73,2128.26,534515.46
2017-10-04,ETHEUR,251.23,255,249.25,250,1663.04,417740.51
2017-10-03,ETHEUR,255.99,257.21,246.59,251.23,3887.81,975533.17
2017-10-02,ETHEUR,257,260.4,252,255.99,4074.71,1042907.12
2017-10-01,ETHEUR,255.93,258.55,251.01,257,1149.84,293050.39
2017-09-30,ETHEUR,248.6,259.38,248.6,255.93,1672.48,428496.72
2017-09-29,ETHEUR,257.83,261.1,231,248.6,6492.44,1604246.38
2017-09-28,ETHEUR,264.16,269.89,251,257.83,4325.7,1128902.9
2017-09-27,ETHEUR,244.93,269.79,244.65,264.16,6630.1,1706285.86
2017-09-26,ETHEUR,248.73,251.74,244.25,244.93,3607.78,894514.54
2017-09-25,ETHEUR,240,253.4,240,248.73,5030.91,1246410.66
2017-09-24,ETHEUR,239.99,246.62,236.38,240,4276.0,1033055.37
2017-09-23,ETHEUR,225,249.43,221,239.99,5962.06,1416426.88
2017-09-22,ETHEUR,218.11,228,215,225,5475.83,1208753.92
2017-09-21,ETHEUR,240.06,241.5,209.55,218.11,9296.19,2090652.36
2017-09-20,ETHEUR,237.31,246.42,233,240.06,3864.4,929120.29
2017-09-19,ETHEUR,248.5,249.8,231.81,237.31,6297.68,1511394.73
2017-09-18,ETHEUR,219.02,255.52,219.02,248.5,12880.92,3164323.62
2017-09-17,ETHEUR,214.77,226.97,200.02,219.02,6227.85,1324040.31
2017-09-16,ETHEUR,217.63,232.44,206.1,214.77,10873.39,2407569.08
2017-09-15,ETHEUR,188.18,225,167.26,217.63,33185.92,6569532.52
2017-09-14,ETHEUR,234.22,236.99,185.14,188.18,18681.4,3817794.98
2017-09-13,ETHEUR,247.2,247.44,211,234.22,14971.91,3423104.42
2017-09-12,ETHEUR,250.97,267.4,240.21,247.2,7484.15,1887562.41
2017-09-11,ETHEUR,249.51,258.11,241.51,250.97,2463.53,613011.77
2017-09-10,ETHEUR,254.77,258.1,236.5,249.51,5463.76,1346171.1
2017-09-09,ETHEUR,256.04,261.6,246.15,254.77,2528.49,640935.92
2017-09-08,ETHEUR,280.46,280.46,246.01,256.04,12977.61,3360892.77
2017-09-07,ETHEUR,285.58,286.76,271.21,280.46,5214.35,1458597.28
2017-09-06,ETHEUR,270.52,292.42,270.52,285.58,9645.84,2744046.57
2017-09-05,ETHEUR,267.37,281,240.2,270.52,10792.94,2842519.15
2017-09-04,ETHEUR,299.9,299.9,240,267.37,23783.89,6299981.87
2017-09-03,ETHEUR,296.55,314.5,290.68,299.9,5959.04,1784702.71
2017-09-02,ETHEUR,330.65,330.65,282.15,296.55,12551.89,3770940.74
2017-09-01,ETHEUR,329.03,334.96,327,330.65,5313.62,1761684.38
2017-08-31,ETHEUR,324.19,330,318.57,329.03,5104.55,1662829.61
2017-08-30,ETHEUR,312.88,328,304.85,324.19,8217.73,2624566.47
2017-08-29,ETHEUR,291.11,315,291.11,312.88,7803.27,2364332.29
2017-08-28,ETHEUR,292.12,293.87,284.55,291.11,2520.88,728545.67
2017-08-27,ETHEUR,280.79,292.12,280.25,292.12,1612.15,459674.08
2017-08-26,ETHEUR,279,281.19,275.2,280.79,1262.53,351406.14
2017-08-25,ETHEUR,276.02,287,275.55,279,3138.25,885501.18
2017-08-24,ETHEUR,270.99,280,269.51,276.02,2115.76,582326.58
2017-08-23,ETHEUR,268.32,277.81,266.3,270.99,2704.09,738670.54
2017-08-22,ETHEUR,272.05,280.01,250,268.32,5511.83,1455813.38
2017-08-21,ETHEUR,254.89,293,253.01,272.05,14659.52,4043069.61
2017-08-20,ETHEUR,251.5,254.89,248.75,254.89,1431.8,360458.51
2017-08-19,ETHEUR,251.43,258.88,244.96,251.5,1952.26,488259.27
2017-08-18,ETHEUR,258.8,261.51,244.7,251.43,3269.65,832007.92
2017-08-17,ETHEUR,255.95,264.66,255.7,258.8,3751.5,975962.34
2017-08-16,ETHEUR,244.47,259.98,240.74,255.95,4495.74,1141044.74
2017-08-15,ETHEUR,254.76,255.9,230.52,244.47,10153.82,2445948.72
2017-08-14,ETHEUR,252.13,260,251.01,254.76,3232.57,825155.56
2017-08-13,ETHEUR,264,264,244,252.13,5764.81,1451000.56
2017-08-12,ETHEUR,262.4,272,259,264,4290.33,1142074.44
2017-08-11,ETHEUR,257.57,262.51,252.01,262.4,2928.15,754599.47
2017-08-10,ETHEUR,251.43,265,246.51,257.57,5349.53,1390244.0
2017-08-09,ETHEUR,253.94,269.86,238.1,251.43,15845.22,3990624.52
2017-08-08,ETHEUR,229.5,254.89,228.06,253.94,9388.3,2281462.41
2017-08-07,ETHEUR,225.56,235.54,220,229.5,5321.48,1216383.35
2017-08-06,ETHEUR,213.2,233.9,213.18,225.56,7761.44,1729776.12
2017-08-05,ETHEUR,187.55,218.99,186.92,213.2,11783.07,2427884.9
2017-08-04,ETHEUR,190,191.22,186,187.55,1829.88,345408.7
2017-08-03,ETHEUR,184.18,192.9,183.93,190,4283.62,815483.92
2017-08-02,ETHEUR,192.31,195.12,182.2,184.18,3705.01,692493.53
2017-08-01,ETHEUR,170.2,196.13,170.2,192.31,12270.92,2282566.18
2017-07-31,ETHEUR,169.62,176,163.3,170.2,3462.76,585500.2
2017-07-30,ETHEUR,175,177.74,164.93,169.62,2982.01,509617.78
2017-07-29,ETHEUR,164,178.4,152,175,7002.98,1132003.64
2017-07-28,ETHEUR,175,175.27,162.5,164,3425.99,575018.73
2017-07-27,ETHEUR,174.99,176.26,170.7,175,3730.57,648596.88
2017-07-26,ETHEUR,175.99,180.25,166.67,174.99,5753.57,990323.11
2017-07-25,ETHEUR,195.91,196.11,165,175.99,13723.47,2446231.89
2017-07-24,ETHEUR,198.88,198.88,195,195.91,1849.09,362963.49
2017-07-23,ETHEUR,199.31,201.08,191.1,198.88,4406.36,865033.33
2017-07-22,ETHEUR,186.02,202.9,185.67,199.31,3489.43,684252.42
2017-07-21,ETHEUR,195.78,203.96,178.45,186.02,6706.94,1283290.2
2017-07-20,ETHEUR,168.18,208,168.18,195.78,15615.25,3016775.75
2017-07-19,ETHEUR,197,215,163.34,168.18,22833.23,4233246.4
2017-07-18,ETHEUR,164.67,220,154.3,197,31420.07,5933442.23
2017-07-17,ETHEUR,134.24,167,133.31,164.67,14870.97,2272854.64
2017-07-16,ETHEUR,146.89,151.63,115,134.24,27699.6,3587697.84
2017-07-15,ETHEUR,172.12,173.9,146.83,146.89,6989.05,1093358.75
2017-07-14,ETHEUR,179.31,180.54,160,172.12,4756.48,798152.29
2017-07-13,ETHEUR,196.5,197.47,170.04,179.31,7680.21,1392776.21
2017-07-12,ETHEUR,168.82,199.39,159.54,196.5,9565.13,1759053.95
2017-07-11,ETHEUR,181.91,218,150,168.82,19244.54,3232048.54
2017-07-10,ETHEUR,210.72,212.02,165,181.91,14594.65,2752187.18
2017-07-09,ETHEUR,213.78,220,210.72,210.72,592.34,127636.04
2017-07-08,ETHEUR,210.5,219.1,202,213.78,1978.7,418124.54
2017-07-07,ETHEUR,235.03,235.03,205.46,210.5,4118.33,900341.47
2017-07-06,ETHEUR,235,244.8,230.2,235.03,1308.2,308989.21
2017-07-05,ETHEUR,237.97,241.79,221.81,235,3782.38,872359.13
2017-07-04,ETHEUR,242.52,249.36,230.77,237.97,7731.86,1868330.49
2017-07-03,ETHEUR,248.48,251.4,240.12,242.52,2345.97,573935.51
2017-07-02,ETHEUR,230.07,255,222.72,248.48,5861.91,1430780.61
2017-07-01,ETHEUR,243.86,249,220.21,230.07,4865.78,1133452.28
2017-06-30,ETHEUR,258,272,238.09,243.86,6528.84,1638604.76
2017-06-29,ETHEUR,279.69,282.81,250.01,258,6762.77,1804918.09
2017-06-28,ETHEUR,255,284.99,230.83,279.69,12855.97,3336231.12
2017-06-27,ETHEUR,225.09,255,190.05,255,17502.43,3804290.34
2017-06-26,ETHEUR,249.03,263,184.06,225.09,16187.53,3441977.76
2017-06-25,ETHEUR,274.81,277.5,222.61,249.03,7225.81,1800493.44
2017-06-24,ETHEUR,293.06,295.32,264.14,274.81,3484.22,971146.66
2017-06-23,ETHEUR,287.5,297,285.1,293.06,1506.8,442570.3
2017-06-22,ETHEUR,290,300,276.44,287.5,3348.56,959700.78
2017-06-21,ETHEUR,312.9,317.18,202.32,290,13194.58,3644547.51
2017-06-20,ETHEUR,319.43,328.03,284.25,312.9,6813.77,2128119.66
2017-06-19,ETHEUR,318.61,324.84,311.11,319.43,1939.52,613174.95
2017-06-18,ETHEUR,328.5,342.5,299.04,318.61,6918.3,2192419.27
2017-06-17,ETHEUR,315,328.5,309,328.5,3389.08,1082858.1
2017-06-16,ETHEUR,309.34,329.99,285,315,5676.51,1790909.25
2017-06-15,ETHEUR,306.2,344.49,226.28,309.34,22394.37,6201228.26
2017-06-14,ETHEUR,345,353.58,287.09,306.2,9893.49,3211443.7
2017-06-13,ETHEUR,353,356.43,317.68,345,4181.64,1416520.31
2017-06-12,ETHEUR,306.99,376.39,180.88,353,12790.64,4175112.69
2017-06-11,ETHEUR,305.91,316.62,284.07,306.99,8054.56,2438738.06
2017-06-10,ETHEUR,250.26,317,248.12,305.91,5688.88,1588354.12
2017-06-09,ETHEUR,230.77,250.33,230.77,250.26,2458.67,592694.58
2017-06-08,ETHEUR,228,233,223,230.77,1085.89,248922.02
2017-06-07,ETHEUR,236.66,237.14,218,228,3122.28,717308.95
2017-06-06,ETHEUR,220.5,239.72,220.48,236.66,2870.57,660708.54
2017-06-05,ETHEUR,219.09,220.8,215.93,220.5,951.3,208428.21
2017-06-04,ETHEUR,199,222.49,198.88,219.09,2041.34,437430.18
2017-06-03,ETHEUR,197,201.22,196.52,199,583.86,115645.35
2017-06-02,ETHEUR,192.34,204.54,192.34,197,1847.74,365401.91
2017-06-01,ETHEUR,205,211.2,180,192.34,4335.32,837726.22
2017-05-31,ETHEUR,206.03,210.31,192.1,205,1820.97,368143.92
