date,symbol,open,high,low,close,volume,volume USD
2019-03-01,XRPUSD,0.3121,0.3133,0.3121,0.3133,0.0,0.0
2019-02-28,XRPUSD,0.3091,0.3158,0.305,0.3121,13083748.75,4059682.84
2019-02-27,XRPUSD,0.3159,0.3173,0.298,0.3091,13965391.58,4335681.72
2019-02-26,XRPUSD,0.327,0.333,0.3105,0.3159,21837336.58,6952331.3
2019-02-25,XRPUSD,0.2967,0.3392,0.2955,0.327,30820194.81,9847551.13
2019-02-24,XRPUSD,0.3313,0.3419,0.2938,0.2967,27122712.36,8537319.64
2019-02-23,XRPUSD,0.319,0.3333,0.3156,0.3313,11271037.44,3654157.81
2019-02-22,XRPUSD,0.3174,0.3209,0.3115,0.319,8597313.33,2729850.66
2019-02-21,XRPUSD,0.3285,0.33,0.3136,0.3174,10772668.82,3442720.26
2019-02-20,XRPUSD,0.3211,0.3318,0.3162,0.3285,16113001.88,5222562.1
2019-02-19,XRPUSD,0.3187,0.3452,0.3175,0.3211,24698373.7,8158012.84
2019-02-18,XRPUSD,0.2996,0.327,0.2984,0.3187,24121439.84,7562593.18
2019-02-17,XRPUSD,0.2974,0.303,0.2928,0.2996,8949967.52,2668742.4
2019-02-16,XRPUSD,0.2989,0.3005,0.2962,0.2974,5409308.42,1614615.24
2019-02-15,XRPUSD,0.2977,0.3028,0.2952,0.2989,12155305.78,3627227.66
2019-02-14,XRPUSD,0.3004,0.302,0.297,0.2977,9840110.64,2950725.61
2019-02-13,XRPUSD,0.3009,0.3094,0.295,0.3004,11851892.04,3574324.65
2019-02-12,XRPUSD,0.2989,0.3043,0.2941,0.3009,13368930.18,3990014.25
2019-02-11,XRPUSD,0.3074,0.3077,0.2983,0.2989,11326300.28,3400782.9
2019-02-10,XRPUSD,0.3085,0.309,0.2962,0.3074,15436936.3,4663656.2
2019-02-09,XRPUSD,0.3089,0.3126,0.304,0.3085,9348227.58,2875911.11
2019-02-08,XRPUSD,0.2881,0.319,0.2864,0.3089,22928877.87,6877477.39
2019-02-07,XRPUSD,0.2859,0.2906,0.2854,0.2881,9107273.05,2626509.47
2019-02-06,XRPUSD,0.2961,0.297,0.285,0.2859,14193793.35,4091755.13
2019-02-05,XRPUSD,0.295,0.2993,0.2922,0.2961,6458866.37,1901358.98
2019-02-04,XRPUSD,0.2986,0.3018,0.2935,0.295,6435740.65,1909383.33
2019-02-03,XRPUSD,0.3071,0.3089,0.2943,0.2986,8839762.5,2656872.28
2019-02-02,XRPUSD,0.3044,0.3108,0.301,0.3071,12009175.8,3652131.79
2019-02-01,XRPUSD,0.3074,0.3091,0.2931,0.3044,13568984.45,4078946.83
2019-01-31,XRPUSD,0.3193,0.3334,0.3011,0.3074,17566373.42,5538984.21
2019-01-30,XRPUSD,0.2861,0.3238,0.2827,0.3193,21292430.99,6620513.88
2019-01-29,XRPUSD,0.2925,0.294,0.2808,0.2861,10685654.79,3065874.89
2019-01-28,XRPUSD,0.3049,0.3059,0.2802,0.2925,18895593.96,5499889.91
2019-01-27,XRPUSD,0.3113,0.3129,0.301,0.3049,5752104.1,1765854.5
2019-01-26,XRPUSD,0.3139,0.3182,0.3107,0.3113,4885295.33,1531205.36
2019-01-25,XRPUSD,0.3152,0.3171,0.31,0.3139,5394044.02,1689527.7
2019-01-24,XRPUSD,0.314,0.318,0.31,0.3152,5131400.59,1612422.27
2019-01-23,XRPUSD,0.3181,0.3197,0.3123,0.314,9724763.36,3072062.96
2019-01-22,XRPUSD,0.3183,0.3206,0.3055,0.3181,11251473.24,3555194.22
2019-01-21,XRPUSD,0.3174,0.3216,0.3135,0.3183,5344217.31,1692390.46
2019-01-20,XRPUSD,0.3285,0.3299,0.3103,0.3174,7289613.27,2313731.06
2019-01-19,XRPUSD,0.3214,0.3354,0.3195,0.3285,6388355.03,2090834.99
2019-01-18,XRPUSD,0.3272,0.3275,0.315,0.3214,7352805.74,2366767.61
2019-01-17,XRPUSD,0.3272,0.3301,0.321,0.3272,8332152.45,2704371.25
2019-01-16,XRPUSD,0.3241,0.3343,0.3224,0.3272,10967857.46,3577458.43
2019-01-15,XRPUSD,0.3318,0.3348,0.3192,0.3241,10218771.78,3360307.86
2019-01-14,XRPUSD,0.3155,0.339,0.3147,0.3318,15219744.48,4982259.46
2019-01-13,XRPUSD,0.3283,0.3317,0.3112,0.3155,11330893.36,3619152.88
2019-01-12,XRPUSD,0.3286,0.3322,0.3255,0.3283,6030418.19,1979555.41
2019-01-11,XRPUSD,0.3277,0.3349,0.3229,0.3286,20007979.96,6595145.62
2019-01-10,XRPUSD,0.3674,0.3824,0.32,0.3277,36320985.37,12590218.43
2019-01-09,XRPUSD,0.3638,0.3721,0.3604,0.3674,17568249.61,6415109.23
2019-01-08,XRPUSD,0.3624,0.3706,0.3568,0.3638,13391858.36,4863620.15
2019-01-07,XRPUSD,0.3652,0.3767,0.3555,0.3624,15395581.14,5644544.28
2019-01-06,XRPUSD,0.3495,0.3692,0.347,0.3652,13388458.62,4802887.26
2019-01-05,XRPUSD,0.3569,0.362,0.3475,0.3495,8537175.72,3030771.96
2019-01-04,XRPUSD,0.3541,0.361,0.3462,0.3569,13278813.05,4698332.55
2019-01-03,XRPUSD,0.371,0.3721,0.3502,0.3541,12064878.75,4312188.28
2019-01-02,XRPUSD,0.364,0.3774,0.355,0.371,10065374.49,3671660.12
2019-01-01,XRPUSD,0.3484,0.3653,0.3439,0.364,9807545.13,3458689.13
2018-12-31,XRPUSD,0.3673,0.3721,0.3432,0.3484,14893039.49,5273219.89
2018-12-30,XRPUSD,0.3589,0.369,0.3541,0.3673,12723104.61,4599360.91
2018-12-29,XRPUSD,0.374,0.383,0.354,0.3589,20091593.39,7465934.95
2018-12-28,XRPUSD,0.3365,0.3824,0.3308,0.374,30726812.55,11070023.57
2018-12-27,XRPUSD,0.3757,0.3772,0.3261,0.3365,20212365.69,7106202.97
2018-12-26,XRPUSD,0.379,0.391,0.355,0.3757,16513597.39,6113262.14
2018-12-25,XRPUSD,0.4044,0.4067,0.3613,0.379,24410374.53,9174180.59
2018-12-24,XRPUSD,0.3687,0.451,0.3683,0.4044,54064978.54,22544137.87
2018-12-23,XRPUSD,0.361,0.381,0.3565,0.3687,17158957.28,6295163.04
2018-12-22,XRPUSD,0.3542,0.364,0.3441,0.361,13043689.96,4601372.59
2018-12-21,XRPUSD,0.3741,0.383,0.3455,0.3542,30599757.29,11167659.08
2018-12-20,XRPUSD,0.3472,0.389,0.3415,0.3741,55519194.53,20587040.19
2018-12-19,XRPUSD,0.3507,0.3934,0.3417,0.3472,46286869.27,16967446.89
2018-12-18,XRPUSD,0.3262,0.351,0.3202,0.3507,37532225.98,12484528.97
2018-12-17,XRPUSD,0.2834,0.336,0.2811,0.3262,38885804.32,11993904.19
2018-12-16,XRPUSD,0.2818,0.2919,0.2803,0.2834,12616872.32,3608313.45
2018-12-15,XRPUSD,0.2854,0.2877,0.2779,0.2818,13722970.54,3871446.01
2018-12-14,XRPUSD,0.296,0.2967,0.2795,0.2854,22941699.61,6603546.73
2018-12-13,XRPUSD,0.3034,0.3039,0.2903,0.296,16764804.95,5000723.29
2018-12-12,XRPUSD,0.2968,0.308,0.2943,0.3034,16076712.1,4842948.37
2018-12-11,XRPUSD,0.2976,0.3062,0.29,0.297,17231413.15,5114667.84
2018-12-10,XRPUSD,0.307,0.3112,0.2912,0.2976,22954309.8,6842850.31
2018-12-09,XRPUSD,0.3008,0.3177,0.2961,0.307,11033718.17,3384755.93
2018-12-08,XRPUSD,0.299,0.32,0.29,0.3008,20257259.87,6132458.26
2018-12-07,XRPUSD,0.3027,0.309,0.286,0.299,61028583.08,18185639.54
2018-12-06,XRPUSD,0.3324,0.34,0.3,0.3027,36251698.44,11738448.27
2018-12-05,XRPUSD,0.3478,0.3492,0.332,0.3324,23360144.18,7952471.68
2018-12-04,XRPUSD,0.3431,0.3589,0.3344,0.3478,18590879.97,6487838.32
2018-12-03,XRPUSD,0.3647,0.3655,0.3345,0.3431,26102891.81,9094930.73
2018-12-02,XRPUSD,0.3666,0.3754,0.359,0.3647,12558357.18,4586864.11
2018-12-01,XRPUSD,0.3585,0.3749,0.3526,0.3666,13287779.21,4869594.04
2018-11-30,XRPUSD,0.3774,0.3794,0.349,0.3585,23949948.52,8667220.16
2018-11-29,XRPUSD,0.3891,0.3918,0.3667,0.3774,26633101.9,10073109.59
2018-11-28,XRPUSD,0.3561,0.3982,0.3556,0.3891,35159969.52,13328890.2
2018-11-27,XRPUSD,0.3512,0.366,0.3346,0.3561,28527663.44,9899714.4
2018-11-26,XRPUSD,0.3687,0.3846,0.3311,0.3512,57433412.8,20660994.34
2018-11-25,XRPUSD,0.3659,0.384,0.3112,0.3687,65267988.89,22505412.06
2018-11-24,XRPUSD,0.4017,0.4128,0.354,0.3659,26524428.72,10164594.56
2018-11-23,XRPUSD,0.4168,0.4219,0.3883,0.4017,35858223.21,14389891.83
2018-11-22,XRPUSD,0.4408,0.4451,0.4152,0.4168,19165333.47,8259588.25
2018-11-21,XRPUSD,0.4247,0.454,0.405,0.4408,42563330.96,18301810.41
2018-11-20,XRPUSD,0.4658,0.492,0.4,0.4247,63718430.91,28182549.25
2018-11-19,XRPUSD,0.5056,0.5064,0.46,0.4658,42838324.21,20624067.72
2018-11-18,XRPUSD,0.486,0.519,0.4856,0.5056,20190247.69,10171240.01
2018-11-17,XRPUSD,0.4659,0.4924,0.4607,0.486,15201072.34,7276314.63
2018-11-16,XRPUSD,0.4745,0.4798,0.456,0.4659,17891116.53,8364220.78
2018-11-15,XRPUSD,0.4586,0.479,0.4149,0.4745,39026457.04,17565288.72
2018-11-14,XRPUSD,0.5019,0.5035,0.4,0.4586,54202404.96,24406578.14
2018-11-13,XRPUSD,0.515,0.52,0.4954,0.5019,18071290.56,9222345.58
2018-11-12,XRPUSD,0.5018,0.5256,0.4967,0.515,21114637.78,10809274.32
2018-11-11,XRPUSD,0.5024,0.505,0.4921,0.5018,6224952.51,3107885.09
2018-11-10,XRPUSD,0.497,0.508,0.4956,0.5024,10059333.29,5053698.87
2018-11-09,XRPUSD,0.4907,0.515,0.4897,0.497,18698769.96,9365992.94
2018-11-08,XRPUSD,0.5339,0.5389,0.488,0.4907,31921549.29,16156811.43
2018-11-07,XRPUSD,0.5487,0.5517,0.5215,0.5339,21947902.06,11702817.66
2018-11-06,XRPUSD,0.4957,0.565,0.457,0.5487,48883890.16,25836878.53
2018-11-05,XRPUSD,0.4663,0.4999,0.459,0.4957,25606888.41,12247639.33
2018-11-04,XRPUSD,0.4526,0.4745,0.4471,0.4663,17421467.65,8057491.38
2018-11-03,XRPUSD,0.4558,0.4578,0.4499,0.4526,4674973.8,2119827.83
2018-11-02,XRPUSD,0.457,0.4621,0.452,0.4558,29749020.59,13577259.36
2018-11-01,XRPUSD,0.4504,0.4582,0.445,0.457,11101967.13,5013881.06
2018-10-31,XRPUSD,0.4438,0.457,0.4334,0.4504,16757493.08,7455500.68
2018-10-30,XRPUSD,0.4399,0.4477,0.4369,0.4438,12696988.03,5616783.59
2018-10-29,XRPUSD,0.4596,0.4601,0.4265,0.4399,24946028.98,11031808.96
2018-10-28,XRPUSD,0.4537,0.4605,0.4514,0.4596,9398317.05,4283098.62
2018-10-27,XRPUSD,0.4572,0.4586,0.4503,0.4537,7329093.55,3324050.44
2018-10-26,XRPUSD,0.4546,0.4593,0.4481,0.4572,13106299.64,5961100.03
2018-10-25,XRPUSD,0.4538,0.4615,0.4482,0.4546,13722737.58,6221156.86
2018-10-24,XRPUSD,0.4592,0.4661,0.45,0.4538,10178859.66,4668437.61
2018-10-23,XRPUSD,0.4506,0.474,0.4324,0.4592,27460523.68,12294731.82
2018-10-22,XRPUSD,0.4529,0.4546,0.444,0.4506,8402930.72,3773708.29
2018-10-21,XRPUSD,0.4547,0.4633,0.4503,0.4529,7019567.32,3201867.87
2018-10-20,XRPUSD,0.4499,0.463,0.4464,0.4547,7154820.48,3251489.95
2018-10-19,XRPUSD,0.453,0.4564,0.442,0.4499,13680077.25,6138486.9
2018-10-18,XRPUSD,0.4626,0.4725,0.436,0.453,23907295.52,10883173.62
2018-10-17,XRPUSD,0.4637,0.4739,0.4522,0.4626,17810906.17,8222335.8
2018-10-16,XRPUSD,0.44,0.4408,0.4365,0.4386,129329.64,56631.89
2018-10-15,XRPUSD,0.3988,0.465,0.3884,0.44,41457426.61,17913034.2
2018-10-14,XRPUSD,0.414,0.4222,0.393,0.3988,10586973.78,4371515.89
2018-10-13,XRPUSD,0.4148,0.429,0.4074,0.414,14044467.49,5813986.42
2018-10-12,XRPUSD,0.3762,0.4389,0.3719,0.4148,30910364.24,12837028.41
2018-10-11,XRPUSD,0.4595,0.4595,0.372,0.3762,53414944.66,21708527.83
2018-10-10,XRPUSD,0.4768,0.4773,0.4531,0.4595,15045650.91,6963232.52
2018-10-09,XRPUSD,0.4867,0.488,0.4665,0.4768,12429038.72,5926797.22
2018-10-08,XRPUSD,0.48,0.4999,0.474,0.4867,21375843.52,10404238.17
2018-10-07,XRPUSD,0.486,0.49,0.4631,0.48,14081339.33,6684117.48
2018-10-06,XRPUSD,0.5154,0.5192,0.461,0.486,25574104.72,12374934.93
2018-10-05,XRPUSD,0.5262,0.531,0.501,0.5154,17551879.41,9039747.32
2018-10-04,XRPUSD,0.525,0.546,0.5208,0.5262,14044885.11,7495704.12
2018-10-03,XRPUSD,0.5139,0.5355,0.502,0.525,23447489.71,12186151.06
2018-10-02,XRPUSD,0.573,0.577,0.5127,0.5139,23718100.05,13000182.1
2018-10-01,XRPUSD,0.5812,0.6,0.53,0.573,38600338.43,21898066.83
2018-09-30,XRPUSD,0.5672,0.6206,0.5561,0.5812,27455440.86,16049474.15
2018-09-29,XRPUSD,0.5374,0.5931,0.5218,0.5672,24557027.36,13752310.59
2018-09-28,XRPUSD,0.5434,0.551,0.5157,0.5374,18871115.33,10098597.19
2018-09-27,XRPUSD,0.513,0.555,0.5022,0.5434,27740863.96,14732990.23
2018-09-26,XRPUSD,0.5235,0.5724,0.4844,0.513,54029403.07,28530059.05
2018-09-25,XRPUSD,0.4923,0.55,0.435,0.5235,59769318.36,28433078.36
2018-09-24,XRPUSD,0.5704,0.581,0.4811,0.4923,34805665.11,18234678.83
2018-09-23,XRPUSD,0.5701,0.595,0.5542,0.5704,18695367.29,10732660.72
2018-09-22,XRPUSD,0.5623,0.625,0.49,0.5701,48652358.78,27244067.62
2018-09-21,XRPUSD,0.449,0.7644,0.4255,0.5623,129615936.93,73796664.5
2018-09-20,XRPUSD,0.326,0.4914,0.3214,0.449,56655970.05,22613746.84
2018-09-19,XRPUSD,0.3186,0.334,0.31,0.326,25207705.81,8145541.91
2018-09-18,XRPUSD,0.27,0.3345,0.2691,0.3186,40439109.01,12614288.34
2018-09-17,XRPUSD,0.2808,0.2836,0.2663,0.27,12147762.23,3332151.8
2018-09-16,XRPUSD,0.2808,0.2821,0.274,0.2808,3910910.63,1087000.54
2018-09-15,XRPUSD,0.2764,0.2846,0.2753,0.2808,4208577.24,1180779.0
2018-09-14,XRPUSD,0.2789,0.2846,0.272,0.2764,11516734.75,3206748.3
2018-09-13,XRPUSD,0.2702,0.2854,0.2665,0.2789,17946898.71,4973431.11
2018-09-12,XRPUSD,0.2624,0.2729,0.2531,0.2702,11759139.04,3078886.92
2018-09-11,XRPUSD,0.2693,0.2743,0.253,0.2624,19081833.71,4978342.27
2018-09-10,XRPUSD,0.2763,0.282,0.2589,0.2693,22863783.24,6119469.36
2018-09-09,XRPUSD,0.276,0.2906,0.2702,0.2763,7678114.6,2152152.98
2018-09-08,XRPUSD,0.2856,0.2933,0.2685,0.276,6845197.99,1910329.88
2018-09-07,XRPUSD,0.3011,0.3043,0.281,0.2856,10592077.82,3108044.11
2018-09-06,XRPUSD,0.2786,0.3047,0.268,0.3011,26662909.19,7631777.45
2018-09-05,XRPUSD,0.3301,0.3335,0.2766,0.2786,22177888.98,6635997.86
2018-09-04,XRPUSD,0.3348,0.3412,0.3282,0.3301,7833487.92,2622780.92
2018-09-03,XRPUSD,0.3416,0.3431,0.3329,0.3348,4689358.59,1579982.11
2018-09-02,XRPUSD,0.3464,0.3488,0.336,0.3416,6465291.66,2210516.57
2018-09-01,XRPUSD,0.3348,0.3542,0.334,0.3464,6191161.81,2129640.0
2018-08-31,XRPUSD,0.3348,0.3411,0.327,0.3348,6772902.81,2253181.25
2018-08-30,XRPUSD,0.3445,0.3469,0.322,0.3348,14164877.88,4690864.66
2018-08-29,XRPUSD,0.3505,0.3544,0.3383,0.3445,11941860.21,4126272.42
2018-08-28,XRPUSD,0.3389,0.3575,0.335,0.3505,18353869.71,6363266.76
2018-08-27,XRPUSD,0.3239,0.34,0.3219,0.3389,10186771.0,3358968.12
2018-08-26,XRPUSD,0.3279,0.3291,0.3183,0.3239,3978633.85,1283243.28
2018-08-25,XRPUSD,0.3275,0.3331,0.322,0.3279,4192319.34,1370182.43
2018-08-24,XRPUSD,0.326,0.3289,0.3152,0.3275,9308200.79,3001801.03
2018-08-23,XRPUSD,0.317,0.331,0.316,0.326,10456951.58,3372175.74
2018-08-22,XRPUSD,0.3339,0.3541,0.31,0.317,20414199.76,6757627.47
2018-08-21,XRPUSD,0.3149,0.3377,0.314,0.3339,10636394.85,3484163.77
2018-08-20,XRPUSD,0.3419,0.35,0.3136,0.3149,21003558.08,6977823.19
2018-08-19,XRPUSD,0.3283,0.3539,0.3182,0.3419,14020031.76,4757546.75
2018-08-18,XRPUSD,0.3668,0.3704,0.3121,0.3283,17318115.39,5800248.35
2018-08-17,XRPUSD,0.2915,0.3739,0.2909,0.3668,29781558.2,9734932.29
2018-08-16,XRPUSD,0.2803,0.3023,0.275,0.2915,13981162.08,4062218.21
2018-08-15,XRPUSD,0.273,0.302,0.2726,0.2803,24574167.38,7110185.95
2018-08-14,XRPUSD,0.2744,0.2775,0.2451,0.273,28281912.76,7342997.41
2018-08-13,XRPUSD,0.2952,0.31,0.2702,0.2744,16315664.16,4758537.62
2018-08-12,XRPUSD,0.2953,0.2953,0.2953,0.2953,0.0,0.0
2018-08-11,XRPUSD,0.3187,0.321,0.288,0.2953,10935080.6,3303548.7
2018-08-10,XRPUSD,0.3442,0.347,0.312,0.3187,15631427.65,5142414.65
2018-08-09,XRPUSD,0.3317,0.3582,0.3282,0.3442,14995785.62,5149861.52
2018-08-08,XRPUSD,0.3778,0.3787,0.32,0.3317,31649730.77,10873680.42
2018-08-07,XRPUSD,0.4128,0.415,0.375,0.3778,15086014.98,5957347.84
2018-08-06,XRPUSD,0.4345,0.4375,0.4032,0.4128,9024800.63,3807104.21
2018-08-05,XRPUSD,0.4293,0.4375,0.4267,0.4345,3343743.11,1441851.25
2018-08-04,XRPUSD,0.44,0.445,0.4267,0.4293,2339509.35,1015588.47
2018-08-03,XRPUSD,0.4309,0.4464,0.4249,0.44,9339254.42,4092368.71
2018-08-02,XRPUSD,0.4462,0.4484,0.4295,0.4309,5028943.33,2195107.16
2018-08-01,XRPUSD,0.435,0.4626,0.427,0.4462,7854203.92,3477375.0
2018-07-31,XRPUSD,0.445,0.4465,0.427,0.435,6195176.73,2691786.25
2018-07-30,XRPUSD,0.4526,0.4565,0.4345,0.445,5104430.01,2279210.05
2018-07-29,XRPUSD,0.458,0.4584,0.4492,0.4526,1943777.57,879771.39
2018-07-28,XRPUSD,0.4543,0.458,0.4482,0.458,2192934.83,994453.81
2018-07-27,XRPUSD,0.4493,0.46,0.4439,0.4543,4988494.14,2261857.69
2018-07-26,XRPUSD,0.4589,0.469,0.446,0.4493,5255041.32,2411923.34
2018-07-25,XRPUSD,0.4567,0.4687,0.44,0.4589,15399426.11,7066314.34
2018-07-24,XRPUSD,0.4445,0.4685,0.4367,0.4567,16778463.01,7632081.81
2018-07-23,XRPUSD,0.4485,0.4637,0.4419,0.4445,7300863.08,3294978.66
2018-07-22,XRPUSD,0.4549,0.4635,0.4459,0.4485,4562002.17,2073955.05
2018-07-21,XRPUSD,0.4455,0.459,0.435,0.4549,3534470.5,1595051.28
2018-07-20,XRPUSD,0.4771,0.4775,0.43,0.4455,13942998.42,6315981.95
2018-07-19,XRPUSD,0.4894,0.4961,0.4708,0.4771,6453236.46,3111156.67
2018-07-18,XRPUSD,0.506,0.5234,0.476,0.4894,13990981.43,7037395.17
2018-07-17,XRPUSD,0.4826,0.5198,0.4695,0.506,17424962.17,8655167.09
2018-07-16,XRPUSD,0.4466,0.484,0.4434,0.4826,11633249.21,5407201.11
2018-07-15,XRPUSD,0.4383,0.4496,0.4354,0.4466,3805268.79,1692788.23
2018-07-14,XRPUSD,0.4368,0.4428,0.4323,0.4383,3346990.34,1463904.19
2018-07-13,XRPUSD,0.438,0.446,0.429,0.4368,7945752.58,3497588.64
2018-07-12,XRPUSD,0.4487,0.4492,0.4248,0.438,6883073.67,2996328.95
2018-07-11,XRPUSD,0.442,0.4509,0.4406,0.4487,5949598.91,2657713.68
2018-07-10,XRPUSD,0.4728,0.473,0.4393,0.442,11752256.79,5313297.04
2018-07-09,XRPUSD,0.4777,0.4821,0.4706,0.4728,5643791.79,2688973.04
2018-07-08,XRPUSD,0.4852,0.4884,0.4745,0.4777,8187555.61,3957135.51
2018-07-07,XRPUSD,0.4757,0.4867,0.464,0.4852,4336515.03,2055323.48
2018-07-06,XRPUSD,0.477,0.4812,0.4594,0.4757,6805026.86,3204281.11
2018-07-05,XRPUSD,0.4913,0.5024,0.468,0.477,8636077.23,4166224.88
2018-07-04,XRPUSD,0.4846,0.506,0.4743,0.4913,8424820.89,4128311.81
2018-07-03,XRPUSD,0.489,0.5198,0.4769,0.4846,14776114.61,7341237.91
2018-07-02,XRPUSD,0.4622,0.4956,0.453,0.489,10836634.94,5181244.97
2018-07-01,XRPUSD,0.469,0.4698,0.45,0.4622,4481721.55,2053571.47
2018-06-30,XRPUSD,0.4537,0.4821,0.4537,0.469,10465860.33,4894010.38
2018-06-29,XRPUSD,0.4461,0.4607,0.4242,0.4537,15098160.46,6632658.58
2018-06-28,XRPUSD,0.4709,0.4735,0.4431,0.4461,8471897.36,3860188.03
2018-06-27,XRPUSD,0.4529,0.476,0.4483,0.4709,8084920.49,3741474.85
2018-06-26,XRPUSD,0.4802,0.4828,0.4512,0.4529,10703251.52,5052568.02
2018-06-25,XRPUSD,0.4743,0.4948,0.4719,0.4802,11225389.49,5392768.26
2018-06-24,XRPUSD,0.4922,0.496,0.4404,0.4743,22420471.81,10423016.59
2018-06-23,XRPUSD,0.4829,0.4962,0.478,0.4922,5618138.28,2740019.67
2018-06-22,XRPUSD,0.534,0.5355,0.47,0.4829,26000137.76,12993758.92
2018-06-21,XRPUSD,0.54,0.549,0.5304,0.534,6065308.26,3265172.15
2018-06-20,XRPUSD,0.5491,0.5497,0.5241,0.54,6682258.68,3580954.63
2018-06-19,XRPUSD,0.539,0.5625,0.5348,0.5491,9461869.92,5162951.06
2018-06-18,XRPUSD,0.5268,0.55,0.51,0.539,11365784.89,6033331.12
2018-06-17,XRPUSD,0.5324,0.5403,0.5218,0.5268,4917723.73,2619521.08
2018-06-16,XRPUSD,0.5334,0.539,0.519,0.5324,5385834.13,2852750.74
2018-06-15,XRPUSD,0.5579,0.5595,0.5272,0.5334,8275435.42,4512344.49
2018-06-14,XRPUSD,0.5307,0.5693,0.52,0.5579,14300823.27,7832812.85
2018-06-13,XRPUSD,0.5566,0.561,0.5044,0.5307,17671159.23,9328691.85
2018-06-12,XRPUSD,0.599,0.5997,0.5445,0.5566,12456107.19,7109547.84
2018-06-11,XRPUSD,0.5827,0.603,0.5617,0.599,12307384.93,7128650.56
2018-06-10,XRPUSD,0.6571,0.6573,0.555,0.5827,22726448.12,13698905.49
2018-06-09,XRPUSD,0.6725,0.68,0.656,0.6571,2588162.02,1732271.4
2018-06-08,XRPUSD,0.6769,0.68,0.6571,0.6725,4815056.39,3220449.41
2018-06-07,XRPUSD,0.6721,0.6869,0.67,0.6769,5064092.29,3441893.38
2018-06-06,XRPUSD,0.6745,0.6817,0.655,0.6721,8133367.14,5442043.98
2018-06-05,XRPUSD,0.6552,0.6855,0.6331,0.6745,13470284.72,8922950.94
2018-06-04,XRPUSD,0.689,0.7029,0.634,0.6552,17644546.98,11654639.02
2018-06-03,XRPUSD,0.6429,0.689,0.637,0.689,9992662.53,6590482.7
2018-06-02,XRPUSD,0.6191,0.6505,0.614,0.6429,12059676.53,7706168.55
2018-06-01,XRPUSD,0.6112,0.6246,0.6052,0.6191,8066204.18,4932453.32
2018-05-31,XRPUSD,0.6,0.621,0.589,0.6112,8799899.54,5383039.46
2018-05-30,XRPUSD,0.5999,0.626,0.583,0.6,10796412.66,6487822.87
2018-05-29,XRPUSD,0.5487,0.609,0.545,0.5999,15451893.56,8959468.76
2018-05-28,XRPUSD,0.6039,0.6087,0.5467,0.5487,14632526.8,8405733.48
2018-05-27,XRPUSD,0.6085,0.6129,0.5981,0.6039,4887917.6,2951603.72
2018-05-26,XRPUSD,0.6053,0.6282,0.5974,0.6085,4294331.87,2641524.32
2018-05-25,XRPUSD,0.63,0.635,0.595,0.6053,13895879.91,8447681.75
2018-05-24,XRPUSD,0.5931,0.639,0.579,0.63,17515258.12,10692501.88
2018-05-23,XRPUSD,0.6387,0.645,0.5745,0.5931,33120459.84,20088889.24
2018-05-22,XRPUSD,0.6762,0.6792,0.6354,0.6387,9958221.03,6567919.87
2018-05-21,XRPUSD,0.6977,0.7015,0.6698,0.6762,7172095.32,4894739.49
2018-05-20,XRPUSD,0.6747,0.7066,0.6689,0.6977,5661174.1,3917116.86
2018-05-19,XRPUSD,0.676,0.6914,0.661,0.6747,4533544.56,3060419.6
2018-05-18,XRPUSD,0.6585,0.6837,0.6471,0.676,13669789.67,9114706.31
2018-05-17,XRPUSD,0.707,0.7136,0.651,0.6585,10974160.04,7518425.47
2018-05-16,XRPUSD,0.6911,0.7128,0.6601,0.707,14396006.64,9807927.69
2018-05-15,XRPUSD,0.7266,0.7485,0.68,0.6911,12871477.26,9257080.44
2018-05-14,XRPUSD,0.7289,0.75,0.691,0.7266,15591497.12,11271275.68
2018-05-13,XRPUSD,0.6842,0.7466,0.666,0.7289,12948920.96,9225624.63
2018-05-12,XRPUSD,0.6779,0.71,0.632,0.6842,18600245.46,12536543.61
2018-05-11,XRPUSD,0.748,0.7548,0.65,0.6779,38291356.2,26413089.56
2018-05-10,XRPUSD,0.7925,0.804,0.7448,0.748,11535602.46,9007230.3
2018-05-09,XRPUSD,0.8048,0.8166,0.7545,0.7925,12117224.25,9519089.55
2018-05-08,XRPUSD,0.8239,0.8448,0.79,0.8048,10277211.77,8348510.35
2018-05-07,XRPUSD,0.858,0.8617,0.8,0.8239,16239592.05,13294970.67
2018-05-06,XRPUSD,0.897,0.9097,0.839,0.858,13893499.16,12008879.15
2018-05-05,XRPUSD,0.8867,0.9224,0.8861,0.897,11257884.27,10177971.96
2018-05-04,XRPUSD,0.878,0.925,0.8529,0.8867,18202275.14,16241416.44
2018-05-03,XRPUSD,0.8562,0.89,0.8379,0.878,14300915.42,12416093.49
2018-05-02,XRPUSD,0.8345,0.865,0.8216,0.8562,12589534.74,10661375.98
2018-05-01,XRPUSD,0.8309,0.8389,0.7815,0.8345,14779374.78,11971649.43
2018-04-30,XRPUSD,0.8654,0.875,0.82,0.8309,8529145.88,7169986.75
2018-04-29,XRPUSD,0.8619,0.9062,0.825,0.8654,17119973.86,14839616.53
2018-04-28,XRPUSD,0.8049,0.89,0.7999,0.8619,18080659.52,15518170.44
2018-04-27,XRPUSD,0.8462,0.862,0.8005,0.8049,12688527.74,10613140.19
2018-04-26,XRPUSD,0.795,0.85,0.76,0.8462,25225119.08,20225524.53
2018-04-25,XRPUSD,0.9228,0.9268,0.765,0.795,61410209.69,50592345.6
2018-04-24,XRPUSD,0.873,0.9649,0.8662,0.9228,37240351.3,34244423.3
2018-04-23,XRPUSD,0.8603,0.885,0.84,0.873,21678094.46,18682452.48
2018-04-22,XRPUSD,0.8662,0.9144,0.8379,0.8603,17906929.38,15735263.84
2018-04-21,XRPUSD,0.9235,0.9235,0.7993,0.8662,38305644.31,33047921.39
2018-04-20,XRPUSD,0.7814,0.9378,0.7814,0.9235,59239602.74,51127601.22
2018-04-19,XRPUSD,0.7126,0.7887,0.7018,0.7814,20354801.04,14943769.16
2018-04-18,XRPUSD,0.6545,0.7289,0.652,0.7126,20701264.68,14316696.49
2018-04-17,XRPUSD,0.662,0.685,0.65,0.6545,15773554.05,10539009.76
2018-04-16,XRPUSD,0.6931,0.696,0.6353,0.662,14650291.51,9655874.75
2018-04-15,XRPUSD,0.6395,0.6967,0.6395,0.6931,13725828.16,9279163.71
2018-04-14,XRPUSD,0.6426,0.6733,0.622,0.6395,12733271.53,8200329.59
2018-04-13,XRPUSD,0.6398,0.7079,0.613,0.6426,43740942.91,28911279.49
2018-04-12,XRPUSD,0.5396,0.6636,0.503,0.6398,51092626.09,29335033.55
2018-04-11,XRPUSD,0.4906,0.556,0.4853,0.5396,13834596.63,7194997.52
2018-04-10,XRPUSD,0.4865,0.4941,0.4764,0.4906,7794684.62,3781059.67
2018-04-09,XRPUSD,0.4962,0.513,0.4748,0.4865,11101516.36,5431957.97
2018-04-08,XRPUSD,0.484,0.501,0.484,0.4962,8935455.65,4395393.63
2018-04-07,XRPUSD,0.4725,0.4957,0.4713,0.484,10789382.24,5255382.67
2018-04-06,XRPUSD,0.4884,0.4945,0.459,0.4725,10617031.0,4995097.31
2018-04-05,XRPUSD,0.4908,0.498,0.4755,0.4884,16184056.84,7862595.05
2018-04-04,XRPUSD,0.547,0.553,0.4849,0.4908,20362949.3,10307853.88
2018-04-03,XRPUSD,0.4935,0.5519,0.4908,0.547,19707846.87,10384082.27
2018-04-02,XRPUSD,0.4782,0.5041,0.4717,0.4935,9598215.22,4679682.04
2018-04-01,XRPUSD,0.5012,0.5071,0.4535,0.4782,17818814.26,8528399.91
2018-03-31,XRPUSD,0.4981,0.522,0.4923,0.5012,11966874.25,6069539.02
2018-03-30,XRPUSD,0.5028,0.5272,0.47,0.4981,33920250.06,16734635.03
2018-03-29,XRPUSD,0.572,0.5737,0.495,0.5028,31800030.52,16881926.49
2018-03-28,XRPUSD,0.5703,0.588,0.566,0.572,9861354.9,5670616.63
2018-03-27,XRPUSD,0.5844,0.6019,0.557,0.5703,19252275.26,11131416.71
2018-03-26,XRPUSD,0.6335,0.6385,0.5742,0.5844,26189603.07,15736676.1
2018-03-25,XRPUSD,0.6306,0.6541,0.6201,0.6335,12304018.11,7810425.52
2018-03-24,XRPUSD,0.6405,0.6769,0.6281,0.6306,13316407.15,8659671.83
2018-03-23,XRPUSD,0.6513,0.6532,0.6066,0.6405,14528181.84,9119917.49
2018-03-22,XRPUSD,0.6801,0.69,0.6239,0.6513,23045541.26,14976646.78
2018-03-21,XRPUSD,0.6987,0.708,0.6605,0.6801,22605778.89,15532069.34
2018-03-20,XRPUSD,0.7192,0.7192,0.66,0.6987,36128974.38,24994064.52
2018-03-19,XRPUSD,0.6495,0.7242,0.6269,0.7192,37305556.11,25099247.57
2018-03-18,XRPUSD,0.628,0.69,0.5375,0.6495,48698958.64,28966461.66
2018-03-17,XRPUSD,0.6775,0.6841,0.615,0.628,15515334.96,10053127.26
2018-03-16,XRPUSD,0.6868,0.7093,0.6615,0.6775,15792068.04,10882285.18
2018-03-15,XRPUSD,0.6884,0.7268,0.6268,0.6868,31126018.39,20914816.57
2018-03-14,XRPUSD,0.7782,0.7915,0.6555,0.6884,35039112.14,25412094.86
2018-03-13,XRPUSD,0.7806,0.7988,0.75,0.7782,11277515.31,8737576.09
2018-03-12,XRPUSD,0.8182,0.833,0.7625,0.7806,14170345.42,11254433.49
2018-03-11,XRPUSD,0.7763,0.833,0.75,0.8182,13161926.28,10463088.52
2018-03-10,XRPUSD,0.8268,0.8423,0.7688,0.7763,11214565.16,9042918.86
2018-03-09,XRPUSD,0.8047,0.8421,0.7333,0.8268,31601794.43,24636097.42
2018-03-08,XRPUSD,0.8515,0.874,0.795,0.8047,18334032.32,15236519.42
2018-03-07,XRPUSD,0.9015,0.9133,0.7843,0.8515,33686330.85,28718597.64
2018-03-06,XRPUSD,0.9424,0.98,0.8885,0.9015,33251911.46,30837488.44
2018-03-05,XRPUSD,1,1.08,0.939,0.9424,45819864.16,46374410.99
2018-03-04,XRPUSD,0.8957,1.05,0.8825,1,27611570.03,26305575.76
2018-03-03,XRPUSD,0.8981,0.915,0.888,0.8957,9337591.4,8429310.22
2018-03-02,XRPUSD,0.915,0.92,0.884,0.8981,7825939.51,7037907.58
2018-03-01,XRPUSD,0.885,0.949,0.875,0.915,11989278.55,10933212.04
2018-02-28,XRPUSD,0.9274,0.9461,0.8801,0.885,12270675.3,11216986.42
2018-02-27,XRPUSD,0.9261,0.96,0.9161,0.9274,10701388.57,10025754.12
2018-02-26,XRPUSD,0.9033,0.9446,0.875,0.9261,13850013.48,12681575.84
2018-02-25,XRPUSD,0.9,0.925,0.875,0.9033,9345067.63,8406434.13
2018-02-24,XRPUSD,0.9362,0.97,0.87,0.9,13913311.73,12663978.34
2018-02-23,XRPUSD,0.89,0.9867,0.8511,0.9362,24564243.63,22827560.65
2018-02-22,XRPUSD,0.9509,1,0.8601,0.89,31698156.21,29144305.11
2018-02-21,XRPUSD,1.03,1.05,0.936,0.9509,25665368.52,25273618.78
2018-02-20,XRPUSD,1.11,1.13,1.01,1.03,19132539.86,20512853.2
2018-02-19,XRPUSD,1.07,1.14,1.06,1.11,9092215.44,10061629.88
2018-02-18,XRPUSD,1.18,1.18,1.04,1.07,26396288.06,29036545.66
2018-02-17,XRPUSD,1.12,1.2,1.11,1.18,21927985.38,25304349.84
2018-02-16,XRPUSD,1.11,1.13,1.07,1.12,14676344.11,16095978.91
2018-02-15,XRPUSD,1.13,1.14,1.07,1.11,29657377.46,32945332.2
2018-02-14,XRPUSD,0.9876,1.16,0.9781,1.13,36970129.11,39381926.59
2018-02-13,XRPUSD,1.04,1.05,0.962,0.9876,20280187.83,20238885.09
2018-02-12,XRPUSD,0.963,1.08,0.9521,1.04,33309022.59,34316151.41
2018-02-11,XRPUSD,1.02,1.04,0.8875,0.963,43788029.18,41987051.53
2018-02-10,XRPUSD,0.92,1.23,0.902,1.02,88638824.94,92685987.02
2018-02-09,XRPUSD,0.7777,0.9299,0.74,0.92,56479645.07,48217998.75
2018-02-08,XRPUSD,0.7145,0.7887,0.709,0.7777,32540681.76,24484301.13
2018-02-07,XRPUSD,0.7615,0.825,0.695,0.7145,42437431.38,32271653.4
2018-02-06,XRPUSD,0.6765,0.7895,0.5627,0.7615,113106295.89,75526985.22
2018-02-05,XRPUSD,0.8154,0.8362,0.636,0.6765,84906673.43,60387988.85
2018-02-04,XRPUSD,0.9606,0.965,0.775,0.8154,36814679.79,31619985.58
2018-02-03,XRPUSD,0.8939,1.02,0.7725,0.9606,45892101.38,42027304.36
2018-02-02,XRPUSD,0.9418,0.958,0.6325,0.8939,127492880.65,103534885.16
2018-02-01,XRPUSD,1.12,1.13,0.8685,0.9418,54259270.89,52817723.18
2018-01-31,XRPUSD,1.1,1.15,1,1.12,27943616.38,30272996.29
2018-01-30,XRPUSD,1.26,1.26,1.07,1.1,40098202.38,46677527.18
2018-01-29,XRPUSD,1.35,1.36,1.24,1.26,16975824.99,21793627.68
2018-01-28,XRPUSD,1.22,1.39,1.21,1.35,18441508.11,23664600.24
2018-01-27,XRPUSD,1.21,1.24,1.18,1.22,13654988.37,16552905.32
2018-01-26,XRPUSD,1.3,1.32,1.1,1.21,40712760.53,49016616.02
2018-01-25,XRPUSD,1.36,1.38,1.27,1.3,17036378.66,22556899.95
2018-01-24,XRPUSD,1.34,1.42,1.29,1.36,28283194.68,38169421.29
2018-01-23,XRPUSD,1.34,1.45,1.18,1.34,54330864.3,71821765.05
2018-01-22,XRPUSD,1.36,1.42,1.13,1.34,58462893.59,72656451.88
2018-01-21,XRPUSD,1.57,1.57,1.31,1.36,39588968.87,55685753.29
2018-01-20,XRPUSD,1.54,1.63,1.46,1.57,28559392.47,44437204.1
2018-01-19,XRPUSD,1.59,1.7,1.45,1.54,54546678.22,85953071.16
2018-01-18,XRPUSD,1.3,1.74,1.23,1.59,124880342.52,189811672.25
2018-01-17,XRPUSD,1.18,1.39,0.87,1.3,195921613.95,216094785.14
2018-01-16,XRPUSD,1.65,1.68,0.87,1.18,170048885.27,214125698.95
2018-01-15,XRPUSD,1.82,1.87,1.63,1.65,18030332.4,31747575.36
2018-01-14,XRPUSD,1.99,2,1.76,1.82,20473578.7,37814835.12
2018-01-13,XRPUSD,2.01,2.12,1.95,1.99,21377252.4,43458918.14
2018-01-12,XRPUSD,1.92,2.15,1.8,2.01,46230053.21,92359528.03
2018-01-11,XRPUSD,1.94,2.25,1.56,1.92,140418849.75,267819276.58
2018-01-10,XRPUSD,2.04,2.12,1.61,1.94,90014066.96,169909902.37
2018-01-09,XRPUSD,2.4,2.48,1.9,2.04,57735631.59,125135596.64
2018-01-08,XRPUSD,2.75,2.78,1.9,2.4,60791882.55,146400867.34
2018-01-07,XRPUSD,2.64,2.8,2.53,2.75,21660807.84,58670513.14
2018-01-06,XRPUSD,2.52,2.85,2.44,2.64,32621788.94,86908240.18
2018-01-05,XRPUSD,2.73,3.06,2.16,2.52,91422075.98,237705139.26
2018-01-04,XRPUSD,2.72,3.32,2.51,2.73,113983592.04,335937893.36
2018-01-03,XRPUSD,2.18,2.85,2.15,2.72,90882383.29,230506889.54
2018-01-02,XRPUSD,2.04,2.19,1.91,2.18,47250447.47,98054613.76
2018-01-01,XRPUSD,1.99,2.09,1.81,2.04,28494038.92,54770829.38
2017-12-31,XRPUSD,1.89,2.1,1.61,1.99,52975240.49,99393267.63
2017-12-30,XRPUSD,1.93,2.47,1.77,1.89,141231805.12,294584889.51
2017-12-29,XRPUSD,1.26,1.97,1.26,1.93,142973928.83,234364713.43
2017-12-28,XRPUSD,1.21,1.3,1.1,1.26,57479060.94,70094869.7
2017-12-27,XRPUSD,1.07,1.27,1.06,1.21,77003030.04,89304185.64
2017-12-26,XRPUSD,0.992,1.1,0.9812,1.07,26532527.67,27239866.34
2017-12-25,XRPUSD,1.01,1.04,0.9544,0.992,18995531.7,18981785.49
2017-12-24,XRPUSD,1.04,1.04,0.86,1.01,41804219.05,40056370.33
2017-12-23,XRPUSD,1.05,1.1,0.955,1.04,48253507.28,50608930.78
2017-12-22,XRPUSD,1.13,1.25,0.67,1.05,193818531.9,190200878.55
2017-12-21,XRPUSD,0.7161,1.14,0.7161,1.13,177103891.35,169160812.67
2017-12-20,XRPUSD,0.7497,0.75,0.66,0.7161,45446220.19,32335450.73
2017-12-19,XRPUSD,0.7598,0.8422,0.7128,0.7497,56930098.48,44073514.32
2017-12-18,XRPUSD,0.7097,0.799,0.64,0.7598,61759174.32,45117182.93
2017-12-17,XRPUSD,0.74,0.7515,0.69,0.7097,26429516.62,19077552.69
2017-12-16,XRPUSD,0.7288,0.81,0.71,0.74,51953854.7,39156303.03
2017-12-15,XRPUSD,0.838,0.84,0.61,0.7288,120573346.59,89582227.38
2017-12-14,XRPUSD,0.4616,0.8827,0.45,0.838,238556680.64,164770868.25
2017-12-13,XRPUSD,0.364,0.495,0.333,0.4616,168181905.85,73022379.95
2017-12-12,XRPUSD,0.243,0.45,0.24,0.364,161742592.85,52365861.92
2017-12-11,XRPUSD,0.225,0.246,0.2225,0.243,32658061.32,7782884.31
2017-12-10,XRPUSD,0.2331,0.2375,0.22,0.225,24936680.52,5686945.84
2017-12-09,XRPUSD,0.2337,0.245,0.2275,0.2331,34887067.9,8296393.35
2017-12-08,XRPUSD,0.2031,0.249,0.1978,0.2337,64016091.37,14652210.1
2017-12-07,XRPUSD,0.218,0.2233,0.201,0.2031,38935993.8,8249628.1
2017-12-06,XRPUSD,0.2346,0.2375,0.2112,0.218,43476349.1,9840516.65
2017-12-05,XRPUSD,0.2463,0.2475,0.2321,0.2346,18471416.96,4421103.39
2017-12-04,XRPUSD,0.246,0.2501,0.237,0.2463,16560557.68,4036934.3
2017-12-03,XRPUSD,0.2445,0.2577,0.235,0.246,24198247.47,6011200.12
2017-12-02,XRPUSD,0.2472,0.25,0.237,0.2445,13667491.54,3347083.47
2017-12-01,XRPUSD,0.235,0.252,0.224,0.2472,42194981.58,10173254.82
2017-11-30,XRPUSD,0.238,0.247,0.2216,0.235,35693092.9,8332120.34
2017-11-29,XRPUSD,0.2795,0.2795,0.2195,0.238,56247949.96,14473433.63
2017-11-28,XRPUSD,0.2463,0.281,0.2463,0.2795,54912067.37,14419742.45
2017-11-27,XRPUSD,0.2451,0.2489,0.238,0.2463,18934194.95,4641329.05
2017-11-26,XRPUSD,0.248,0.2496,0.241,0.2451,13135835.53,3206082.27
2017-11-25,XRPUSD,0.24,0.252,0.2385,0.248,16310519.42,4021518.95
2017-11-24,XRPUSD,0.2395,0.2442,0.2308,0.24,15834397.56,3771106.02
2017-11-23,XRPUSD,0.2392,0.25,0.2357,0.2395,21349294.84,5213366.22
2017-11-22,XRPUSD,0.2325,0.242,0.2307,0.2392,17698903.29,4201106.95
2017-11-21,XRPUSD,0.2406,0.2428,0.2285,0.2325,20117855.16,4726620.56
2017-11-20,XRPUSD,0.2304,0.245,0.2303,0.2406,17601703.62,4213455.93
2017-11-19,XRPUSD,0.2278,0.2365,0.22,0.2304,10674866.13,2453497.8
2017-11-18,XRPUSD,0.2238,0.2294,0.2182,0.2278,8354357.13,1871112.56
2017-11-17,XRPUSD,0.2271,0.24,0.2172,0.2238,15956102.36,3610794.15
2017-11-16,XRPUSD,0.2095,0.275,0.206,0.2271,69306211.28,16672581.08
2017-11-15,XRPUSD,0.2059,0.2119,0.2041,0.2095,10046200.3,2089015.13
2017-11-14,XRPUSD,0.2018,0.211,0.2015,0.2059,9650307.03,1983017.26
2017-11-13,XRPUSD,0.1931,0.2025,0.1916,0.2018,8831316.59,1756525.5
2017-11-12,XRPUSD,0.2087,0.2109,0.1891,0.1931,33335743.11,6538622.99
2017-11-11,XRPUSD,0.2051,0.2172,0.2036,0.2087,10144904.05,2134863.15
2017-11-10,XRPUSD,0.2174,0.2198,0.2005,0.2051,15590980.16,3250545.09
2017-11-09,XRPUSD,0.218,0.2225,0.212,0.2174,15788744.52,3450465.63
2017-11-08,XRPUSD,0.2066,0.225,0.2023,0.218,24011889.83,5116560.76
2017-11-07,XRPUSD,0.2012,0.2082,0.1998,0.2066,5777497.3,1169943.16
2017-11-06,XRPUSD,0.1995,0.207,0.1977,0.2012,6927075.12,1404430.65
2017-11-05,XRPUSD,0.2021,0.2037,0.1984,0.1995,3547306.68,712246.8
2017-11-04,XRPUSD,0.207,0.2075,0.2002,0.2021,4675502.59,950644.11
2017-11-03,XRPUSD,0.2006,0.2232,0.1961,0.207,26855563.21,5601001.14
2017-11-02,XRPUSD,0.191,0.2068,0.1778,0.2006,24891266.99,4727831.99
2017-11-01,XRPUSD,0.1973,0.2006,0.1898,0.191,7429520.42,1443110.54
2017-10-31,XRPUSD,0.2029,0.2038,0.1971,0.1973,5957642.9,1194976.31
2017-10-30,XRPUSD,0.2016,0.2049,0.2,0.2029,4791816.1,969851.2
2017-10-29,XRPUSD,0.1986,0.207,0.1971,0.2016,4640493.67,936964.17
2017-10-28,XRPUSD,0.2003,0.2014,0.197,0.1986,1731386.55,345124.26
2017-10-27,XRPUSD,0.2021,0.2037,0.1969,0.2003,3361424.13,674082.06
2017-10-26,XRPUSD,0.2024,0.2054,0.2,0.2021,5357720.61,1087488.03
2017-10-25,XRPUSD,0.2052,0.2052,0.197,0.2024,5823190.46,1168115.64
2017-10-24,XRPUSD,0.1912,0.2176,0.1821,0.2052,27424533.51,5589582.72
2017-10-23,XRPUSD,0.2014,0.2014,0.184,0.1912,18413663.45,3525108.3
2017-10-22,XRPUSD,0.2092,0.2115,0.1956,0.2014,9341736.51,1892556.44
2017-10-21,XRPUSD,0.2081,0.211,0.195,0.2092,15066643.29,3041928.1
2017-10-20,XRPUSD,0.2144,0.224,0.205,0.2081,11796937.89,2511282.17
2017-10-19,XRPUSD,0.217,0.235,0.205,0.2144,19903670.5,4286166.33
2017-10-18,XRPUSD,0.2298,0.2352,0.2016,0.217,36140304.99,7918488.27
2017-10-17,XRPUSD,0.259,0.267,0.2116,0.2298,40841703.84,9811083.29
2017-10-16,XRPUSD,0.2646,0.297,0.2517,0.259,41153391.57,11291106.32
2017-10-15,XRPUSD,0.2541,0.2681,0.248,0.2646,11910599.26,3100584.85
2017-10-14,XRPUSD,0.261,0.269,0.253,0.2541,13040352.85,3390963.36
2017-10-13,XRPUSD,0.2472,0.2637,0.2289,0.261,27850217.19,6844097.85
2017-10-12,XRPUSD,0.263,0.266,0.245,0.2472,16629710.38,4244407.86
2017-10-11,XRPUSD,0.2578,0.265,0.255,0.263,5979266.53,1555903.75
2017-10-10,XRPUSD,0.2501,0.2672,0.2389,0.2578,13896929.8,3523127.93
2017-10-09,XRPUSD,0.2786,0.2796,0.232,0.2501,33960797.2,8690276.73
2017-10-08,XRPUSD,0.2398,0.28,0.2383,0.2786,25956039.87,6710196.66
2017-10-07,XRPUSD,0.2329,0.2404,0.2312,0.2398,6284317.64,1482538.49
2017-10-06,XRPUSD,0.2377,0.2442,0.231,0.2329,13914561.38,3313611.4
2017-10-05,XRPUSD,0.212,0.2447,0.212,0.2377,26436289.32,6070166.4
2017-10-04,XRPUSD,0.2037,0.217,0.201,0.212,13301297.98,2775182.28
2017-10-03,XRPUSD,0.2025,0.2059,0.1978,0.2037,6551533.61,1316651.73
2017-10-02,XRPUSD,0.2074,0.2087,0.1994,0.2025,7467789.63,1523355.41
2017-10-01,XRPUSD,0.1991,0.2074,0.195,0.2074,4944388.46,983497.33
2017-09-30,XRPUSD,0.1969,0.205,0.195,0.1991,9201854.34,1848361.93
2017-09-29,XRPUSD,0.2025,0.2025,0.188,0.1969,12660297.13,2462456.12
2017-09-28,XRPUSD,0.2093,0.21,0.192,0.2025,12172575.05,2457767.72
2017-09-27,XRPUSD,0.1891,0.22,0.1872,0.2093,18728456.9,3849554.9
2017-09-26,XRPUSD,0.184,0.2,0.1808,0.1891,12035761.29,2274150.03
2017-09-25,XRPUSD,0.176,0.1874,0.1749,0.184,11826032.28,2147106.05
2017-09-24,XRPUSD,0.1792,0.18,0.1732,0.176,3880614.69,682265.85
2017-09-23,XRPUSD,0.174,0.18,0.1701,0.1792,8983700.72,1588825.89
2017-09-22,XRPUSD,0.171,0.1772,0.1664,0.174,8149920.17,1398838.7
2017-09-21,XRPUSD,0.1819,0.1833,0.1707,0.171,12417431.23,2203586.35
2017-09-20,XRPUSD,0.1845,0.1892,0.181,0.1819,7425855.94,1372963.35
2017-09-19,XRPUSD,0.1925,0.1949,0.1833,0.1845,9535877.33,1782675.6
2017-09-18,XRPUSD,0.1808,0.1954,0.1808,0.1925,14686247.62,2784643.19
2017-09-17,XRPUSD,0.1833,0.1843,0.171,0.1808,9400053.71,1667229.59
2017-09-16,XRPUSD,0.184,0.1919,0.1728,0.1833,9921230.26,1810308.74
2017-09-15,XRPUSD,0.1711,0.1922,0.1481,0.184,46442887.9,8028549.95
2017-09-14,XRPUSD,0.1972,0.2001,0.166,0.1711,30565434.16,5517798.44
2017-09-13,XRPUSD,0.2093,0.21,0.1903,0.1972,17053685.0,3386285.65
2017-09-12,XRPUSD,0.215,0.2243,0.205,0.2093,13115721.94,2805599.68
2017-09-11,XRPUSD,0.2174,0.2216,0.2063,0.215,7717293.01,1664378.78
2017-09-10,XRPUSD,0.2125,0.2242,0.1983,0.2174,15090946.28,3159132.89
2017-09-09,XRPUSD,0.2125,0.2142,0.2074,0.2125,6392690.73,1351095.31
2017-09-08,XRPUSD,0.2252,0.2295,0.2025,0.2125,21283258.39,4550456.16
2017-09-07,XRPUSD,0.2306,0.232,0.2196,0.2252,9321089.81,2100753.7
2017-09-06,XRPUSD,0.2176,0.2324,0.2164,0.2306,14120341.83,3182585.39
2017-09-05,XRPUSD,0.2064,0.2204,0.1901,0.2176,16145557.56,3365878.28
2017-09-04,XRPUSD,0.23,0.23,0.1911,0.2064,25812307.32,5287014.79
2017-09-03,XRPUSD,0.2274,0.2375,0.217,0.23,24255688.27,5494488.1
2017-09-02,XRPUSD,0.2525,0.255,0.2207,0.2274,22217263.46,5184032.61
2017-09-01,XRPUSD,0.26,0.261,0.2425,0.2525,18911730.33,4795838.39
2017-08-31,XRPUSD,0.232,0.265,0.2268,0.26,22221804.69,5438747.4
2017-08-30,XRPUSD,0.2197,0.2332,0.2174,0.232,14052343.59,3152751.56
2017-08-29,XRPUSD,0.2254,0.226,0.2121,0.2197,15213574.42,3346964.62
2017-08-28,XRPUSD,0.2019,0.2488,0.1948,0.2254,43043276.75,9360197.34
2017-08-27,XRPUSD,0.2094,0.2108,0.193,0.2019,18130489.02,3639410.19
2017-08-26,XRPUSD,0.216,0.2304,0.2062,0.2094,11939966.53,2589524.79
2017-08-25,XRPUSD,0.2156,0.2309,0.2017,0.216,24189111.95,5227760.69
2017-08-24,XRPUSD,0.244,0.283,0.2112,0.2156,50871351.51,12469751.86
2017-08-23,XRPUSD,0.242,0.298,0.217,0.244,65253645.27,17451299.23
2017-08-22,XRPUSD,0.1948,0.2601,0.171,0.242,60452376.03,12925159.27
2017-08-21,XRPUSD,0.1574,0.2044,0.1513,0.1948,33861607.59,5901723.21
2017-08-20,XRPUSD,0.151,0.1597,0.1475,0.1574,5641314.22,869487.13
2017-08-19,XRPUSD,0.1573,0.1618,0.1462,0.151,12618271.77,1918826.34
2017-08-18,XRPUSD,0.1579,0.1711,0.152,0.1573,17437331.32,2782594.35
2017-08-17,XRPUSD,0.1598,0.1603,0.1536,0.1579,10005639.99,1579686.28
2017-08-16,XRPUSD,0.1578,0.1603,0.148,0.1598,12459969.32,1915286.4
2017-08-15,XRPUSD,0.1684,0.1684,0.153,0.1578,21936443.59,3503949.39
2017-08-14,XRPUSD,0.165,0.1801,0.1638,0.1684,10898030.72,1856010.04
2017-08-13,XRPUSD,0.1712,0.172,0.1576,0.165,19292607.82,3186422.55
2017-08-12,XRPUSD,0.1779,0.1822,0.1695,0.1712,9213216.01,1612614.65
2017-08-11,XRPUSD,0.18,0.1834,0.175,0.1779,7619415.02,1362356.39
2017-08-10,XRPUSD,0.1835,0.189,0.178,0.18,10295548.4,1880503.55
2017-08-09,XRPUSD,0.1962,0.1962,0.1794,0.1835,13450451.05,2501919.19
2017-08-08,XRPUSD,0.1778,0.199,0.177,0.1962,15828973.31,2968304.79
2017-08-07,XRPUSD,0.1797,0.1831,0.1765,0.1778,6666486.22,1196240.57
2017-08-06,XRPUSD,0.1848,0.1897,0.1779,0.1797,6140323.76,1130641.31
2017-08-05,XRPUSD,0.174,0.193,0.1719,0.1848,18110401.59,3337245.19
2017-08-04,XRPUSD,0.1746,0.1764,0.1705,0.174,4590406.07,796895.66
2017-08-03,XRPUSD,0.17,0.1768,0.1695,0.1746,5364880.52,931061.72
2017-08-02,XRPUSD,0.1778,0.1794,0.167,0.17,9227549.59,1611273.37
2017-08-01,XRPUSD,0.1644,0.187,0.1607,0.1778,24094086.57,4115764.12
2017-07-31,XRPUSD,0.1624,0.169,0.1581,0.1644,6902869.34,1126793.01
2017-07-30,XRPUSD,0.168,0.1693,0.159,0.1624,3270292.46,534269.16
2017-07-29,XRPUSD,0.1629,0.17,0.1546,0.168,8786223.23,1412210.06
2017-07-28,XRPUSD,0.1724,0.1748,0.1575,0.1629,9190036.22,1514115.46
2017-07-27,XRPUSD,0.172,0.176,0.1694,0.1724,5642136.92,977331.32
2017-07-26,XRPUSD,0.1747,0.1795,0.165,0.172,10466630.74,1794264.65
2017-07-25,XRPUSD,0.1918,0.1924,0.164,0.1747,18428728.63,3228496.72
2017-07-24,XRPUSD,0.1961,0.1988,0.1889,0.1918,6673069.96,1283776.93
2017-07-23,XRPUSD,0.1972,0.206,0.185,0.1961,12970710.09,2531848.0
2017-07-22,XRPUSD,0.1832,0.202,0.182,0.1972,8859275.92,1715185.11
2017-07-21,XRPUSD,0.193,0.1942,0.182,0.1832,10335867.2,1936323.46
2017-07-20,XRPUSD,0.1631,0.196,0.1623,0.193,26261259.1,4792311.41
2017-07-19,XRPUSD,0.1786,0.184,0.157,0.1631,16070354.99,2758495.87
2017-07-18,XRPUSD,0.172,0.1885,0.1608,0.1786,21208760.86,3725523.12
2017-07-17,XRPUSD,0.1457,0.175,0.1452,0.172,18298053.53,2936758.79
2017-07-16,XRPUSD,0.1722,0.1742,0.127,0.1457,40151876.92,5815673.59
2017-07-15,XRPUSD,0.1846,0.1846,0.1706,0.1722,8007768.37,1407210.37
2017-07-14,XRPUSD,0.1933,0.1933,0.1706,0.1846,10731031.1,1928387.45
2017-07-13,XRPUSD,0.1965,0.2173,0.181,0.1933,13333133.96,2649923.34
2017-07-12,XRPUSD,0.1783,0.1971,0.1657,0.1965,11100167.72,2051522.93
2017-07-11,XRPUSD,0.1861,0.1999,0.151,0.1783,28053540.61,4923291.19
2017-07-10,XRPUSD,0.2265,0.2277,0.171,0.1861,19010600.27,3866464.38
2017-07-09,XRPUSD,0.23,0.243,0.2252,0.2265,4288735.56,1004867.08
2017-07-08,XRPUSD,0.23,0.2326,0.2117,0.23,9445550.46,2118679.41
2017-07-07,XRPUSD,0.2509,0.251,0.23,0.23,7785600.89,1870115.4
2017-07-06,XRPUSD,0.2501,0.2526,0.2465,0.2509,2313934.44,576389.82
2017-07-05,XRPUSD,0.2475,0.2555,0.2416,0.2501,4361270.01,1084526.77
2017-07-04,XRPUSD,0.2521,0.2585,0.247,0.2475,6227969.65,1583481.85
2017-07-03,XRPUSD,0.2529,0.2568,0.2434,0.2521,5295423.68,1324962.6
2017-07-02,XRPUSD,0.24,0.255,0.2364,0.2529,4079459.41,998988.75
2017-07-01,XRPUSD,0.2487,0.2525,0.2364,0.24,4474892.0,1089103.97
2017-06-30,XRPUSD,0.2555,0.2599,0.246,0.2487,3518741.61,896008.08
2017-06-29,XRPUSD,0.2684,0.2685,0.2519,0.2555,7074305.91,1832466.98
2017-06-28,XRPUSD,0.2621,0.2688,0.2495,0.2684,9715051.73,2517251.07
2017-06-27,XRPUSD,0.2469,0.2621,0.2267,0.2621,14309987.36,3465836.24
2017-06-26,XRPUSD,0.26,0.2693,0.22,0.2469,21219877.8,5143388.78
2017-06-25,XRPUSD,0.2775,0.2819,0.2525,0.26,8263007.46,2195504.71
2017-06-24,XRPUSD,0.2911,0.3049,0.256,0.2775,52389683.04,14398322.27
2017-06-23,XRPUSD,0.2788,0.295,0.277,0.2911,8108840.62,2329027.85
2017-06-22,XRPUSD,0.2725,0.282,0.2495,0.2788,29308160.68,7780487.4
2017-06-21,XRPUSD,0.308,0.3126,0.2543,0.2725,21405249.76,5934637.51
2017-06-20,XRPUSD,0.281,0.325,0.2742,0.308,37740466.83,11508003.48
2017-06-19,XRPUSD,0.2651,0.282,0.2588,0.281,8425431.96,2251216.08
2017-06-18,XRPUSD,0.2597,0.278,0.247,0.2651,10031806.79,2633544.45
2017-06-17,XRPUSD,0.2506,0.265,0.2357,0.2597,13417445.94,3354640.63
2017-06-16,XRPUSD,0.245,0.257,0.2325,0.2506,7151089.94,1771645.2
2017-06-15,XRPUSD,0.2623,0.2642,0.214,0.245,19230118.73,4603536.5
2017-06-14,XRPUSD,0.2626,0.3,0.245,0.2623,25885326.4,7081104.12
2017-06-13,XRPUSD,0.2467,0.275,0.2454,0.2626,7848698.84,2025516.69
2017-06-12,XRPUSD,0.2701,0.282,0.2325,0.2467,17960467.27,4574031.37
2017-06-11,XRPUSD,0.2598,0.28,0.2543,0.2701,7172436.64,1925862.99
2017-06-10,XRPUSD,0.2814,0.2848,0.2555,0.2598,13177356.36,3540210.86
2017-06-09,XRPUSD,0.2869,0.296,0.28,0.2814,9076353.15,2620691.06
2017-06-08,XRPUSD,0.2762,0.2973,0.27,0.2869,8708219.09,2500645.1
2017-06-07,XRPUSD,0.284,0.3,0.2717,0.2762,16955086.96,4851545.1
2017-06-06,XRPUSD,0.2888,0.295,0.274,0.284,12573277.09,3575294.63
2017-06-05,XRPUSD,0.2941,0.2979,0.2869,0.2888,4946457.06,1440651.37
2017-06-04,XRPUSD,0.2921,0.31,0.271,0.2941,10444366.88,3030691.09
2017-06-03,XRPUSD,0.2905,0.307,0.2711,0.2921,10206240.79,2929373.64
2017-06-02,XRPUSD,0.3364,0.3372,0.2759,0.2905,20664290.75,6242050.12
2017-06-01,XRPUSD,0.2475,0.3401,0.2456,0.3364,51254519.27,15366610.6
2017-05-31,XRPUSD,0.2042,0.251,0.1931,0.2475,19271215.18,4382050.4
2017-05-30,XRPUSD,0.2324,0.2388,0.1868,0.2042,15487464.82,3375009.03
2017-05-29,XRPUSD,0.2281,0.2462,0.2102,0.2324,16397914.48,3798709.63
2017-05-28,XRPUSD,0.21,0.2489,0.2033,0.2281,18835818.03,4259946.73
2017-05-27,XRPUSD,0.276,0.287,0.135,0.21,59097610.85,11976899.08
2017-05-26,XRPUSD,0.24,0.3282,0.24,0.276,30329388.99,8838653.17
2017-05-25,XRPUSD,0.29,0.3027,0.231,0.24,35554795.5,9465342.78
2017-05-24,XRPUSD,0.3229,0.34,0.286,0.29,22995070.59,7165556.61
2017-05-23,XRPUSD,0.2988,0.3542,0.2827,0.3229,20395502.16,6583984.53
2017-05-22,XRPUSD,0.324,0.3308,0.2348,0.2988,33061580.4,9671680.13
2017-05-21,XRPUSD,0.3449,0.36,0.319,0.324,12666783.98,4297429.17
2017-05-20,XRPUSD,0.3224,0.359,0.289,0.3449,28223237.38,9331408.68
2017-05-19,XRPUSD,0.3575,0.3594,0.2817,0.3224,27059393.88,8820198.22
2017-05-18,XRPUSD,0.375,0.3925,0.304,0.3575,27894755.01,9634700.72
2017-05-17,XRPUSD,0.325,0.3989,0.285,0.375,63419206.89,22833685.3
2017-05-16,XRPUSD,0.2631,0.3347,0.25,0.325,44231566.9,13304233.18
2017-05-15,XRPUSD,0.2171,0.2631,0.2156,0.2631,26664059.59,6461766.36
2017-05-14,XRPUSD,0.2102,0.22,0.2076,0.2171,6314896.57,1356565.55
2017-05-13,XRPUSD,0.2069,0.222,0.1951,0.2102,17393866.04,3643114.4
2017-05-12,XRPUSD,0.1837,0.21,0.1806,0.2069,20431345.06,4001446.62
2017-05-11,XRPUSD,0.187,0.1973,0.1618,0.1837,22532445.25,4046877.96
2017-05-10,XRPUSD,0.1564,0.1979,0.151,0.187,25775062.21,4625438.16
2017-05-09,XRPUSD,0.1917,0.207,0.112,0.1564,49465587.8,7829081.29
2017-05-08,XRPUSD,0.1391,0.224,0.1121,0.1917,91362974.67,16851533.86
2017-05-07,XRPUSD,0.1001,0.155,0.09725,0.1391,54974770.18,6924109.17
2017-05-06,XRPUSD,0.09139,0.1039,0.09029,0.1001,23425825.58,2306721.07
2017-05-05,XRPUSD,0.08,0.105,0.07776,0.09139,67752651.55,6430842.83
2017-05-04,XRPUSD,0.06108,0.08793,0.06,0.08,80249161.23,5848536.2
2017-05-03,XRPUSD,0.05382,0.06199,0.05245,0.06108,28234094.26,1612382.34
2017-05-02,XRPUSD,0.05383,0.05527,0.0505,0.05382,13583156.68,726485.92
2017-05-01,XRPUSD,0.05218,0.05811,0.04903,0.05383,28911691.05,1544146.97
2017-04-30,XRPUSD,0.05383,0.05499,0.04902,0.05218,11574127.24,604015.27
2017-04-29,XRPUSD,0.045,0.05952,0.04499,0.05383,37098759.46,1953073.91
2017-04-28,XRPUSD,0.03523,0.04612,0.03487,0.045,45342270.83,1876644.47
2017-04-27,XRPUSD,0.03275,0.0368,0.03225,0.03523,13627092.82,467773.17
2017-04-26,XRPUSD,0.03224,0.03392,0.03224,0.03275,9292451.35,308060.2
2017-04-25,XRPUSD,0.03151,0.03421,0.03108,0.03224,10300152.41,338832.13
2017-04-24,XRPUSD,0.03141,0.032,0.0309,0.03151,3741502.12,117511.29
2017-04-23,XRPUSD,0.0316,0.03214,0.03102,0.03141,2427946.14,76628.98
2017-04-22,XRPUSD,0.03355,0.03401,0.03033,0.0316,6356628.2,203404.08
2017-04-21,XRPUSD,0.02999,0.0347,0.02945,0.03355,20716205.96,669329.8
2017-04-20,XRPUSD,0.03035,0.03104,0.02643,0.02999,23452859.02,676124.25
2017-04-19,XRPUSD,0.03281,0.03319,0.02816,0.03035,12887583.15,404654.31
2017-04-18,XRPUSD,0.03333,0.03419,0.0322,0.03281,9825879.14,327136.09
2017-04-17,XRPUSD,0.03306,0.03386,0.03246,0.03333,2096295.95,69423.83
2017-04-16,XRPUSD,0.03381,0.03395,0.03251,0.03306,3295953.35,109368.69
2017-04-15,XRPUSD,0.03348,0.03451,0.03315,0.03381,1280469.31,43096.52
2017-04-14,XRPUSD,0.03422,0.03525,0.033,0.03348,8364050.4,284206.53
2017-04-13,XRPUSD,0.03455,0.03562,0.0337,0.03422,14319851.77,496728.53
2017-04-12,XRPUSD,0.03316,0.0356,0.0322,0.03455,12560390.45,426373.98
2017-04-11,XRPUSD,0.03404,0.03513,0.032,0.03316,12537943.3,422736.34
2017-04-10,XRPUSD,0.03421,0.0359,0.0332,0.03404,10376371.67,359549.76
2017-04-09,XRPUSD,0.03575,0.03578,0.03251,0.03421,8747107.56,298115.86
2017-04-08,XRPUSD,0.03715,0.0378,0.03515,0.03575,14594390.61,529578.97
2017-04-07,XRPUSD,0.0332,0.03873,0.03086,0.03715,38970765.72,1349579.68
2017-04-06,XRPUSD,0.03559,0.03728,0.029,0.0332,39585691.14,1299541.67
2017-04-05,XRPUSD,0.03787,0.04108,0.035,0.03559,33511709.71,1258577.43
2017-04-04,XRPUSD,0.03201,0.0429,0.0269,0.03787,54327931.63,1935837.61
2017-04-03,XRPUSD,0.0615,0.062,0.025,0.03201,91939388.96,3646831.8
2017-04-02,XRPUSD,0.022,0.0695,0.0075,0.0615,148377382.31,6001783.97
2017-04-01,XRPUSD,0.0214,0.02323,0.01968,0.022,28914980.92,622950.16
2017-03-31,XRPUSD,0.01383,0.02254,0.01315,0.0214,107986329.78,2026605.69
2017-03-30,XRPUSD,0.01015,0.0147,0.01015,0.01383,47430885.51,576156.8
2017-03-29,XRPUSD,0.00955,0.01015,0.00946,0.01015,12085413.88,117763.68
2017-03-28,XRPUSD,0.00943,0.00965,0.00906,0.00955,14394662.55,134665.79
2017-03-27,XRPUSD,0.00937,0.01025,0.009,0.00943,20308085.43,192909.41
2017-03-26,XRPUSD,0.00888,0.00982,0.00888,0.00937,5677720.02,52626.02
2017-03-25,XRPUSD,0.01062,0.01084,0.00879,0.00888,22048532.3,215739.36
2017-03-24,XRPUSD,0.011,0.01182,0.00815,0.01062,52108099.07,526945.44
2017-03-23,XRPUSD,0.00719,0.011,0.00719,0.011,37256038.61,327615.37
2017-03-22,XRPUSD,0.00682,0.00758,0.00679,0.00719,12802399.24,91803.02
2017-03-21,XRPUSD,0.0069,0.00705,0.00663,0.00682,9980443.73,68025.66
2017-03-20,XRPUSD,0.00669,0.00705,0.00645,0.0069,17755849.24,120712.15
2017-03-19,XRPUSD,0.00688,0.0072,0.00642,0.00669,8591413.45,58180.54
2017-03-18,XRPUSD,0.00597,0.00731,0.00597,0.00688,39856755.07,262684.08
2017-03-17,XRPUSD,0.0063,0.00634,0.00576,0.00597,22458093.96,136336.75
2017-03-16,XRPUSD,0.00625,0.00636,0.00601,0.0063,17774528.1,110269.26
2017-03-15,XRPUSD,0.00639,0.00642,0.00625,0.00625,4875861.38,30771.36
2017-03-14,XRPUSD,0.00644,0.00644,0.00626,0.00639,5368314.65,33971.29
2017-03-13,XRPUSD,0.00632,0.00648,0.00615,0.00644,9046348.28,57546.93
2017-03-12,XRPUSD,0.00625,0.00634,0.00602,0.00632,2287253.25,14265.42
2017-03-11,XRPUSD,0.00617,0.00642,0.00606,0.00625,6265339.02,38750.45
2017-03-10,XRPUSD,0.00648,0.00669,0.0058,0.00617,14807074.77,91272.11
2017-03-09,XRPUSD,0.0065,0.0066,0.00632,0.00648,11739581.37,75844.28
2017-03-08,XRPUSD,0.00673,0.00692,0.00644,0.0065,9100648.31,60510.89
2017-03-07,XRPUSD,0.00604,0.00687,0.00589,0.00673,16052265.65,103029.64
2017-03-06,XRPUSD,0.00604,0.00618,0.00599,0.00604,1500363.45,9153.84
2017-03-05,XRPUSD,0.0062,0.0063,0.00601,0.00604,2896435.73,17813.41
2017-03-04,XRPUSD,0.00649,0.00668,0.0062,0.0062,4581328.21,29109.62
2017-03-03,XRPUSD,0.00606,0.00651,0.00592,0.00649,11877749.38,73888.78
2017-03-02,XRPUSD,0.00539,0.00635,0.00531,0.00606,24452040.24,144918.49
2017-03-01,XRPUSD,0.00557,0.00558,0.00525,0.00539,5703754.55,31111.59
2017-02-28,XRPUSD,0.00556,0.0057,0.00531,0.00557,6349357.05,35292.98
2017-02-27,XRPUSD,0.0057,0.0057,0.00556,0.00556,1131756.02,6347.43
2017-02-26,XRPUSD,0.00563,0.0057,0.00562,0.0057,111546.91,628.31
2017-02-25,XRPUSD,0.0056,0.00583,0.0056,0.00563,904059.33,5186.57
2017-02-24,XRPUSD,0.00585,0.00595,0.0055,0.0056,3320023.57,18911.52
2017-02-23,XRPUSD,0.00583,0.00594,0.00574,0.00585,4599966.77,27058.3
2017-02-22,XRPUSD,0.00585,0.00595,0.00581,0.00583,2142766.67,12593.04
2017-02-21,XRPUSD,0.00596,0.00596,0.00571,0.00585,1594720.01,9256.09
2017-02-20,XRPUSD,0.00591,0.00597,0.00566,0.00596,2806293.25,16518.54
2017-02-19,XRPUSD,0.00554,0.00591,0.00551,0.00591,1199038.42,7019.6
2017-02-18,XRPUSD,0.00587,0.006,0.005,0.00554,11327977.29,61246.26
2017-02-17,XRPUSD,0.00593,0.00611,0.00546,0.00587,17539861.16,102919.87
2017-02-16,XRPUSD,0.0061,0.00636,0.005,0.00593,27742757.8,167891.45
2017-02-15,XRPUSD,0.0062,0.00627,0.0058,0.0061,12413705.23,75374.04
2017-02-14,XRPUSD,0.00637,0.00638,0.00621,0.00622,2724432.21,17037.93
2017-02-13,XRPUSD,0.00635,0.00635,0.0062,0.00624,3963715.58,24658.45
2017-02-12,XRPUSD,0.00638,0.0064,0.00627,0.00627,225146.49,1434.86
2017-02-11,XRPUSD,0.00631,0.0064,0.00627,0.00638,857148.47,5452.61
2017-02-10,XRPUSD,0.00626,0.00635,0.00595,0.00631,3304346.37,20534.94
2017-02-09,XRPUSD,0.00643,0.00643,0.00609,0.00628,2649442.41,16433.17
2017-02-08,XRPUSD,0.00635,0.00648,0.00608,0.00635,3180307.94,20361.19
2017-02-07,XRPUSD,0.0064,0.00647,0.00626,0.00641,1890435.27,12089.99
2017-02-06,XRPUSD,0.00642,0.00644,0.00627,0.00638,423391.36,2697.23
2017-02-05,XRPUSD,0.00645,0.00648,0.00628,0.00629,672251.29,4271.62
2017-02-04,XRPUSD,0.00637,0.00647,0.00635,0.00644,308279.57,1976.38
2017-02-03,XRPUSD,0.00648,0.00649,0.00624,0.00638,1910554.32,12139.6
2017-02-02,XRPUSD,0.00658,0.00661,0.0064,0.0064,2129322.31,13887.87
2017-02-01,XRPUSD,0.0063,0.0066,0.00623,0.00649,2026119.08,13118.79
2017-01-31,XRPUSD,0.00647,0.0065,0.00618,0.00641,2190641.88,13926.48
2017-01-30,XRPUSD,0.00637,0.0065,0.00635,0.00645,502195.87,3249.53
2017-01-29,XRPUSD,0.00637,0.00637,0.00631,0.00631,59977.51,380.92
2017-01-28,XRPUSD,0.00636,0.0064,0.0063,0.00639,454400.29,2892.62
2017-01-27,XRPUSD,0.00621,0.0065,0.003,0.00636,1535240.88,9173.67
2017-01-26,XRPUSD,0.0065,0.00676,0.00616,0.0063,3768541.03,24232.92
2017-01-25,XRPUSD,0.0065,0.0065,0.00643,0.00649,1373671.48,8907.59
2017-01-24,XRPUSD,0.00664,0.00674,0.0065,0.0065,1209591.56,7950.86
2017-01-23,XRPUSD,0.00674,0.00682,0.00659,0.00669,1808874.17,12113.86
2017-01-22,XRPUSD,0.00683,0.00683,0.00669,0.00678,573857.28,3878.76
2017-01-21,XRPUSD,0.0066,0.00684,0.00652,0.00684,2086817.3,13955.92
2017-01-20,XRPUSD,0.00674,0.00685,0.0064,0.0066,1713629.92,11374.15
2017-01-19,XRPUSD,0.00676,0.00688,0.0065,0.00684,2951225.69,19882.33
2017-01-18,XRPUSD,0.00687,0.00719,0.00664,0.0068,5535202.45,38018.93
2017-01-17,XRPUSD,0.0071,0.0071,0.00668,0.00683,4509598.64,30673.69
